1) Fibonacci calculation, start_time : 19:55:41.386483ok
1) 37th Fibonacci calculation, completed in 713ms, end_time : 19:55:42.101251ok

2) Fibonacci calculation, start_time : 19:55:42.101468ok
2) 37th Fibonacci calculation, completed in 713ms, end_time : 19:55:42.815341ok

3) Fibonacci calculation, start_time : 19:55:42.815554ok
3) 37th Fibonacci calculation, completed in 705ms, end_time : 19:55:43.520995ok

4) Fibonacci calculation, start_time : 19:55:43.521166ok
4) 37th Fibonacci calculation, completed in 709ms, end_time : 19:55:44.230581ok

5) Fibonacci calculation, start_time : 19:55:44.230754ok
5) 37th Fibonacci calculation, completed in 707ms, end_time : 19:55:44.938271ok

6) Fibonacci calculation, start_time : 19:55:44.938433ok
6) 37th Fibonacci calculation, completed in 712ms, end_time : 19:55:45.650989ok

7) Fibonacci calculation, start_time : 19:55:45.651221ok
7) 37th Fibonacci calculation, completed in 713ms, end_time : 19:55:46.365133ok

8) Fibonacci calculation, start_time : 19:55:46.365359ok
8) 37th Fibonacci calculation, completed in 707ms, end_time : 19:55:47.073024ok

9) Fibonacci calculation, start_time : 19:55:47.073223ok
9) 37th Fibonacci calculation, completed in 704ms, end_time : 19:55:47.778199ok

10) Fibonacci calculation, start_time : 19:55:47.778405ok
10) 37th Fibonacci calculation, completed in 703ms, end_time : 19:55:48.481719ok

11) Fibonacci calculation, start_time : 19:55:48.481897ok
11) 37th Fibonacci calculation, completed in 721ms, end_time : 19:55:49.203301ok

12) Fibonacci calculation, start_time : 19:55:49.203520ok
12) 37th Fibonacci calculation, completed in 704ms, end_time : 19:55:49.908656ok

13) Fibonacci calculation, start_time : 19:55:49.908834ok
13) 37th Fibonacci calculation, completed in 709ms, end_time : 19:55:50.618880ok

14) Fibonacci calculation, start_time : 19:55:50.619079ok
14) 37th Fibonacci calculation, completed in 705ms, end_time : 19:55:51.324453ok

15) Fibonacci calculation, start_time : 19:55:51.324670ok
15) 37th Fibonacci calculation, completed in 701ms, end_time : 19:55:52.026603ok

16) Fibonacci calculation, start_time : 19:55:52.026837ok
16) 37th Fibonacci calculation, completed in 713ms, end_time : 19:55:52.740357ok

17) Fibonacci calculation, start_time : 19:55:52.740571ok
17) 37th Fibonacci calculation, completed in 716ms, end_time : 19:55:53.457270ok

18) Fibonacci calculation, start_time : 19:55:53.457515ok
18) 37th Fibonacci calculation, completed in 704ms, end_time : 19:55:54.162157ok

19) Fibonacci calculation, start_time : 19:55:54.162347ok
19) 37th Fibonacci calculation, completed in 706ms, end_time : 19:55:54.868824ok

20) Fibonacci calculation, start_time : 19:55:54.869062ok
20) 37th Fibonacci calculation, completed in 705ms, end_time : 19:55:55.574459ok

21) Fibonacci calculation, start_time : 19:55:55.574639ok
21) 37th Fibonacci calculation, completed in 706ms, end_time : 19:55:56.280879ok

22) Fibonacci calculation, start_time : 19:55:56.281099ok
22) 37th Fibonacci calculation, completed in 704ms, end_time : 19:55:56.986068ok

23) Fibonacci calculation, start_time : 19:55:56.986290ok
23) 37th Fibonacci calculation, completed in 708ms, end_time : 19:55:57.695122ok

24) Fibonacci calculation, start_time : 19:55:57.695322ok
24) 37th Fibonacci calculation, completed in 710ms, end_time : 19:55:58.405986ok

25) Fibonacci calculation, start_time : 19:55:58.406141ok
25) 37th Fibonacci calculation, completed in 704ms, end_time : 19:55:59.110628ok

26) Fibonacci calculation, start_time : 19:55:59.110797ok
26) 37th Fibonacci calculation, completed in 702ms, end_time : 19:55:59.813980ok

27) Fibonacci calculation, start_time : 19:55:59.814172ok
27) 37th Fibonacci calculation, completed in 704ms, end_time : 19:56:00.519416ok

28) Fibonacci calculation, start_time : 19:56:00.519650ok
28) 37th Fibonacci calculation, completed in 707ms, end_time : 19:56:01.227757ok

29) Fibonacci calculation, start_time : 19:56:01.227965ok
29) 37th Fibonacci calculation, completed in 707ms, end_time : 19:56:01.935386ok

30) Fibonacci calculation, start_time : 19:56:01.935600ok
30) 37th Fibonacci calculation, completed in 704ms, end_time : 19:56:02.641043ok

31) Fibonacci calculation, start_time : 19:56:02.641215ok
31) 37th Fibonacci calculation, completed in 704ms, end_time : 19:56:03.346341ok

32) Fibonacci calculation, start_time : 19:56:03.346566ok
32) 37th Fibonacci calculation, completed in 702ms, end_time : 19:56:04.048853ok

33) Fibonacci calculation, start_time : 19:56:04.049017ok
33) 37th Fibonacci calculation, completed in 707ms, end_time : 19:56:04.757090ok

34) Fibonacci calculation, start_time : 19:56:04.757322ok
34) 37th Fibonacci calculation, completed in 704ms, end_time : 19:56:05.462050ok

35) Fibonacci calculation, start_time : 19:56:05.462246ok
35) 37th Fibonacci calculation, completed in 704ms, end_time : 19:56:06.166941ok

36) Fibonacci calculation, start_time : 19:56:06.167180ok
36) 37th Fibonacci calculation, completed in 707ms, end_time : 19:56:06.874386ok

37) Fibonacci calculation, start_time : 19:56:06.874607ok
37) 37th Fibonacci calculation, completed in 709ms, end_time : 19:56:07.584131ok

38) Fibonacci calculation, start_time : 19:56:07.584319ok
38) 37th Fibonacci calculation, completed in 705ms, end_time : 19:56:08.289604ok

39) Fibonacci calculation, start_time : 19:56:08.289795ok
39) 37th Fibonacci calculation, completed in 704ms, end_time : 19:56:08.994369ok

40) Fibonacci calculation, start_time : 19:56:08.994573ok
40) 37th Fibonacci calculation, completed in 707ms, end_time : 19:56:09.701874ok

41) Fibonacci calculation, start_time : 19:56:09.702051ok
41) 37th Fibonacci calculation, completed in 708ms, end_time : 19:56:10.410708ok

42) Fibonacci calculation, start_time : 19:56:10.410926ok
42) 37th Fibonacci calculation, completed in 708ms, end_time : 19:56:11.119958ok

43) Fibonacci calculation, start_time : 19:56:11.120116ok
43) 37th Fibonacci calculation, completed in 702ms, end_time : 19:56:11.823196ok

44) Fibonacci calculation, start_time : 19:56:11.823410ok
44) 37th Fibonacci calculation, completed in 704ms, end_time : 19:56:12.528312ok

45) Fibonacci calculation, start_time : 19:56:12.528512ok
45) 37th Fibonacci calculation, completed in 717ms, end_time : 19:56:13.245755ok

46) Fibonacci calculation, start_time : 19:56:13.245921ok
46) 37th Fibonacci calculation, completed in 714ms, end_time : 19:56:13.960179ok

47) Fibonacci calculation, start_time : 19:56:13.960351ok
47) 37th Fibonacci calculation, completed in 706ms, end_time : 19:56:14.667175ok

48) Fibonacci calculation, start_time : 19:56:14.667351ok
48) 37th Fibonacci calculation, completed in 708ms, end_time : 19:56:15.376427ok

49) Fibonacci calculation, start_time : 19:56:15.376641ok
49) 37th Fibonacci calculation, completed in 706ms, end_time : 19:56:16.083541ok

50) Fibonacci calculation, start_time : 19:56:16.083747ok
50) 37th Fibonacci calculation, completed in 702ms, end_time : 19:56:16.785967ok

