1) GCBench, start_time : 19:54:05.827605ok
1) GCBench, completed in 689ms, end_time : 19:54:06.557971ok

2) GCBench, start_time : 19:54:06.558173ok
2) GCBench, completed in 670ms, end_time : 19:54:07.245946ok

3) GCBench, start_time : 19:54:07.246088ok
3) GCBench, completed in 653ms, end_time : 19:54:07.918081ok

4) GCBench, start_time : 19:54:07.918246ok
4) GCBench, completed in 684ms, end_time : 19:54:08.620086ok

5) GCBench, start_time : 19:54:08.620206ok
5) GCBench, completed in 652ms, end_time : 19:54:09.289942ok

6) GCBench, start_time : 19:54:09.290116ok
6) GCBench, completed in 678ms, end_time : 19:54:09.987088ok

7) GCBench, start_time : 19:54:09.987224ok
7) GCBench, completed in 655ms, end_time : 19:54:10.661015ok

8) GCBench, start_time : 19:54:10.661166ok
8) GCBench, completed in 672ms, end_time : 19:54:11.351104ok

9) GCBench, start_time : 19:54:11.351219ok
9) GCBench, completed in 666ms, end_time : 19:54:12.035613ok

10) GCBench, start_time : 19:54:12.035773ok
10) GCBench, completed in 672ms, end_time : 19:54:12.724410ok

11) GCBench, start_time : 19:54:12.724557ok
11) GCBench, completed in 645ms, end_time : 19:54:13.387517ok

12) GCBench, start_time : 19:54:13.387649ok
12) GCBench, completed in 668ms, end_time : 19:54:14.074601ok

13) GCBench, start_time : 19:54:14.074722ok
13) GCBench, completed in 657ms, end_time : 19:54:14.749614ok

14) GCBench, start_time : 19:54:14.749778ok
14) GCBench, completed in 680ms, end_time : 19:54:15.448710ok

15) GCBench, start_time : 19:54:15.448876ok
15) GCBench, completed in 650ms, end_time : 19:54:16.117666ok

16) GCBench, start_time : 19:54:16.117789ok
16) GCBench, completed in 671ms, end_time : 19:54:16.805644ok

17) GCBench, start_time : 19:54:16.805772ok
17) GCBench, completed in 655ms, end_time : 19:54:17.478862ok

18) GCBench, start_time : 19:54:17.479000ok
18) GCBench, completed in 674ms, end_time : 19:54:18.171814ok

19) GCBench, start_time : 19:54:18.171956ok
19) GCBench, completed in 652ms, end_time : 19:54:18.841857ok

20) GCBench, start_time : 19:54:18.841996ok
20) GCBench, completed in 676ms, end_time : 19:54:19.535853ok

21) GCBench, start_time : 19:54:19.535993ok
21) GCBench, completed in 662ms, end_time : 19:54:20.215637ok

22) GCBench, start_time : 19:54:20.215814ok
22) GCBench, completed in 674ms, end_time : 19:54:20.906935ok

23) GCBench, start_time : 19:54:20.907129ok
23) GCBench, completed in 650ms, end_time : 19:54:21.575991ok

24) GCBench, start_time : 19:54:21.576143ok
24) GCBench, completed in 668ms, end_time : 19:54:22.261470ok

25) GCBench, start_time : 19:54:22.261617ok
25) GCBench, completed in 664ms, end_time : 19:54:22.943865ok

26) GCBench, start_time : 19:54:22.943997ok
26) GCBench, completed in 674ms, end_time : 19:54:23.637308ok

27) GCBench, start_time : 19:54:23.637576ok
27) GCBench, completed in 647ms, end_time : 19:54:24.301966ok

28) GCBench, start_time : 19:54:24.302111ok
28) GCBench, completed in 671ms, end_time : 19:54:24.993119ok

29) GCBench, start_time : 19:54:24.993241ok
29) GCBench, completed in 664ms, end_time : 19:54:25.674980ok

30) GCBench, start_time : 19:54:25.675133ok
30) GCBench, completed in 681ms, end_time : 19:54:26.373029ok

31) GCBench, start_time : 19:54:26.373141ok
31) GCBench, completed in 654ms, end_time : 19:54:27.045499ok

32) GCBench, start_time : 19:54:27.045630ok
32) GCBench, completed in 684ms, end_time : 19:54:27.746508ok

33) GCBench, start_time : 19:54:27.746625ok
33) GCBench, completed in 652ms, end_time : 19:54:28.417676ok

34) GCBench, start_time : 19:54:28.417794ok
34) GCBench, completed in 674ms, end_time : 19:54:29.109658ok

35) GCBench, start_time : 19:54:29.109788ok
35) GCBench, completed in 658ms, end_time : 19:54:29.786572ok

36) GCBench, start_time : 19:54:29.786747ok
36) GCBench, completed in 670ms, end_time : 19:54:30.474717ok

37) GCBench, start_time : 19:54:30.474861ok
37) GCBench, completed in 654ms, end_time : 19:54:31.146697ok

38) GCBench, start_time : 19:54:31.146850ok
38) GCBench, completed in 682ms, end_time : 19:54:31.846689ok

39) GCBench, start_time : 19:54:31.846822ok
39) GCBench, completed in 646ms, end_time : 19:54:32.512883ok

40) GCBench, start_time : 19:54:32.513068ok
40) GCBench, completed in 670ms, end_time : 19:54:33.200806ok

41) GCBench, start_time : 19:54:33.200981ok
41) GCBench, completed in 662ms, end_time : 19:54:33.880814ok

42) GCBench, start_time : 19:54:33.881008ok
42) GCBench, completed in 678ms, end_time : 19:54:34.576996ok

43) GCBench, start_time : 19:54:34.577130ok
43) GCBench, completed in 654ms, end_time : 19:54:35.248973ok

44) GCBench, start_time : 19:54:35.249103ok
44) GCBench, completed in 680ms, end_time : 19:54:35.946916ok

45) GCBench, start_time : 19:54:35.947044ok
45) GCBench, completed in 656ms, end_time : 19:54:36.620956ok

46) GCBench, start_time : 19:54:36.621084ok
46) GCBench, completed in 671ms, end_time : 19:54:37.309836ok

47) GCBench, start_time : 19:54:37.309972ok
47) GCBench, completed in 655ms, end_time : 19:54:37.985018ok

48) GCBench, start_time : 19:54:37.985180ok
48) GCBench, completed in 673ms, end_time : 19:54:38.675964ok

49) GCBench, start_time : 19:54:38.676135ok
49) GCBench, completed in 655ms, end_time : 19:54:39.349006ok

50) GCBench, start_time : 19:54:39.349127ok
50) GCBench, completed in 677ms, end_time : 19:54:40.044134ok

