1) Fibonacci calculation, start_time : 1) GCBench, start_time : 16:13:38.78300516:13:38.783016ok
ok
1) GCBench, completed in 693ms, end_time : 16:13:39.522750ok

2) GCBench, start_time : 16:13:39.522903ok
1) 37th Fibonacci calculation, completed in 829ms, end_time : 16:13:39.613321ok

2) Fibonacci calculation, start_time : 16:13:39.613510ok
2) GCBench, completed in 693ms, end_time : 16:13:40.232951ok

3) GCBench, start_time : 16:13:40.233356ok
2) 37th Fibonacci calculation, completed in 808ms, end_time : 16:13:40.422413ok

3) Fibonacci calculation, start_time : 16:13:40.422551ok
3) GCBench, completed in 667ms, end_time : 16:13:40.919013ok

4) GCBench, start_time : 16:13:40.919509ok
3) 37th Fibonacci calculation, completed in 813ms, end_time : 16:13:41.236153ok

4) Fibonacci calculation, start_time : 16:13:41.236314ok
4) GCBench, completed in 688ms, end_time : 16:13:41.625918ok

5) GCBench, start_time : 16:13:41.626396ok
4) 37th Fibonacci calculation, completed in 811ms, end_time : 16:13:42.048281ok

5) Fibonacci calculation, start_time : 16:13:42.048430ok
5) GCBench, completed in 688ms, end_time : 16:13:42.331954ok

6) GCBench, start_time : 16:13:42.332109ok
5) 37th Fibonacci calculation, completed in 837ms, end_time : 16:13:42.886728ok

6) Fibonacci calculation, start_time : 16:13:42.887072ok
6) GCBench, completed in 689ms, end_time : 16:13:43.037987ok

7) GCBench, start_time : 16:13:43.038146ok
6) 37th Fibonacci calculation, completed in 810ms, end_time : 16:13:43.697898ok

7) Fibonacci calculation, start_time : 16:13:43.698304ok
7) GCBench, completed in 668ms, end_time : 16:13:43.722937ok

8) GCBench, start_time : 16:13:43.723179ok
8) GCBench, completed in 686ms, end_time : 16:13:44.427030ok

9) GCBench, start_time : 16:13:44.427505ok
7) 37th Fibonacci calculation, completed in 817ms, end_time : 16:13:44.515553ok

8) Fibonacci calculation, start_time : 16:13:44.515665ok
9) GCBench, completed in 675ms, end_time : 16:13:45.120056ok

10) GCBench, start_time : 16:13:45.120536ok
8) 37th Fibonacci calculation, completed in 808ms, end_time : 16:13:45.324783ok

9) Fibonacci calculation, start_time : 16:13:45.324984ok
10) GCBench, completed in 686ms, end_time : 16:13:45.825087ok

11) GCBench, start_time : 16:13:45.825550ok
9) 37th Fibonacci calculation, completed in 818ms, end_time : 16:13:46.143702ok

10) Fibonacci calculation, start_time : 16:13:46.143817ok
11) GCBench, completed in 656ms, end_time : 16:13:46.499129ok

12) GCBench, start_time : 16:13:46.499410ok
10) 37th Fibonacci calculation, completed in 825ms, end_time : 16:13:46.969579ok

11) Fibonacci calculation, start_time : 16:13:46.969742ok
12) GCBench, completed in 695ms, end_time : 16:13:47.216549ok

13) GCBench, start_time : 16:13:47.217259ok
11) 37th Fibonacci calculation, completed in 829ms, end_time : 16:13:47.799317ok

12) Fibonacci calculation, start_time : 16:13:47.799515ok
13) GCBench, completed in 681ms, end_time : 16:13:47.916160ok

14) GCBench, start_time : 16:13:47.916636ok
14) GCBench, completed in 678ms, end_time : 16:13:48.612702ok

15) GCBench, start_time : 16:13:48.613055ok
12) 37th Fibonacci calculation, completed in 814ms, end_time : 16:13:48.614076ok

13) Fibonacci calculation, start_time : 16:13:48.614259ok
15) GCBench, completed in 666ms, end_time : 16:13:49.296628ok

16) GCBench, start_time : 16:13:49.297027ok
13) 37th Fibonacci calculation, completed in 812ms, end_time : 16:13:49.427054ok

14) Fibonacci calculation, start_time : 16:13:49.427666ok
16) GCBench, completed in 685ms, end_time : 16:13:49.999667ok

17) GCBench, start_time : 16:13:50.000166ok
14) 37th Fibonacci calculation, completed in 806ms, end_time : 16:13:50.234491ok

15) Fibonacci calculation, start_time : 16:13:50.234606ok
17) GCBench, completed in 669ms, end_time : 16:13:50.685837ok

18) GCBench, start_time : 16:13:50.686195ok
15) 37th Fibonacci calculation, completed in 804ms, end_time : 16:13:51.039432ok

16) Fibonacci calculation, start_time : 16:13:51.039828ok
18) GCBench, completed in 691ms, end_time : 16:13:51.396716ok

19) GCBench, start_time : 16:13:51.396866ok
16) 37th Fibonacci calculation, completed in 814ms, end_time : 16:13:51.854984ok

17) Fibonacci calculation, start_time : 16:13:51.855133ok
19) GCBench, completed in 665ms, end_time : 16:13:52.079743ok

20) GCBench, start_time : 16:13:52.080235ok
17) 37th Fibonacci calculation, completed in 819ms, end_time : 16:13:52.676177ok

18) Fibonacci calculation, start_time : 16:13:52.676314ok
20) GCBench, completed in 693ms, end_time : 16:13:52.789724ok

21) GCBench, start_time : 16:13:52.790199ok
18) 37th Fibonacci calculation, completed in 814ms, end_time : 16:13:53.491209ok

19) Fibonacci calculation, start_time : 16:13:53.491378ok
21) GCBench, completed in 685ms, end_time : 16:13:53.492746ok

22) GCBench, start_time : 16:13:53.492907ok
22) GCBench, completed in 689ms, end_time : 16:13:54.198860ok

23) GCBench, start_time : 16:13:54.199365ok
19) 37th Fibonacci calculation, completed in 811ms, end_time : 16:13:54.303346ok

20) Fibonacci calculation, start_time : 16:13:54.304071ok
23) GCBench, completed in 664ms, end_time : 16:13:54.880904ok

24) GCBench, start_time : 16:13:54.881093ok
20) 37th Fibonacci calculation, completed in 812ms, end_time : 16:13:55.117761ok

21) Fibonacci calculation, start_time : 16:13:55.117913ok
24) GCBench, completed in 678ms, end_time : 16:13:55.575885ok

25) GCBench, start_time : 16:13:55.576272ok
21) 37th Fibonacci calculation, completed in 815ms, end_time : 16:13:55.933602ok

22) Fibonacci calculation, start_time : 16:13:55.933737ok
25) GCBench, completed in 668ms, end_time : 16:13:56.261279ok

26) GCBench, start_time : 16:13:56.261444ok
22) 37th Fibonacci calculation, completed in 807ms, end_time : 16:13:56.741663ok

23) Fibonacci calculation, start_time : 16:13:56.741865ok
26) GCBench, completed in 679ms, end_time : 16:13:56.958948ok

27) GCBench, start_time : 16:13:56.959419ok
23) 37th Fibonacci calculation, completed in 823ms, end_time : 16:13:57.565996ok

24) Fibonacci calculation, start_time : 16:13:57.566357ok
27) GCBench, completed in 670ms, end_time : 16:13:57.646383ok

28) GCBench, start_time : 16:13:57.646601ok
28) GCBench, completed in 673ms, end_time : 16:13:58.338000ok

29) GCBench, start_time : 16:13:58.338160ok
24) 37th Fibonacci calculation, completed in 822ms, end_time : 16:13:58.388896ok

25) Fibonacci calculation, start_time : 16:13:58.389024ok
29) GCBench, completed in 675ms, end_time : 16:13:59.031063ok

30) GCBench, start_time : 16:13:59.031187ok
25) 37th Fibonacci calculation, completed in 802ms, end_time : 16:13:59.191574ok

26) Fibonacci calculation, start_time : 16:13:59.191688ok
30) GCBench, completed in 683ms, end_time : 16:13:59.730026ok

31) GCBench, start_time : 16:13:59.730183ok
26) 37th Fibonacci calculation, completed in 818ms, end_time : 16:14:00.010383ok

27) Fibonacci calculation, start_time : 16:14:00.010552ok
31) GCBench, completed in 655ms, end_time : 16:14:00.403200ok

32) GCBench, start_time : 16:14:00.403660ok
27) 37th Fibonacci calculation, completed in 815ms, end_time : 16:14:00.825939ok

28) Fibonacci calculation, start_time : 16:14:00.826082ok
32) GCBench, completed in 678ms, end_time : 16:14:01.099197ok

33) GCBench, start_time : 16:14:01.099571ok
28) 37th Fibonacci calculation, completed in 806ms, end_time : 16:14:01.632678ok

29) Fibonacci calculation, start_time : 16:14:01.632786ok
33) GCBench, completed in 670ms, end_time : 16:14:01.787356ok

34) GCBench, start_time : 16:14:01.787468ok
29) 37th Fibonacci calculation, completed in 819ms, end_time : 16:14:02.452981ok

30) Fibonacci calculation, start_time : 16:14:02.453362ok
34) GCBench, completed in 694ms, end_time : 16:14:02.499187ok

35) GCBench, start_time : 16:14:02.499627ok
35) GCBench, completed in 666ms, end_time : 16:14:03.183178ok

36) GCBench, start_time : 16:14:03.183320ok
30) 37th Fibonacci calculation, completed in 820ms, end_time : 16:14:03.274158ok

31) Fibonacci calculation, start_time : 16:14:03.274281ok
36) GCBench, completed in 682ms, end_time : 16:14:03.882648ok

37) GCBench, start_time : 16:14:03.882924ok
31) 37th Fibonacci calculation, completed in 796ms, end_time : 16:14:04.070783ok

32) Fibonacci calculation, start_time : 16:14:04.071042ok
37) GCBench, completed in 671ms, end_time : 16:14:04.571809ok

38) GCBench, start_time : 16:14:04.571926ok
32) 37th Fibonacci calculation, completed in 813ms, end_time : 16:14:04.885220ok

33) Fibonacci calculation, start_time : 16:14:04.885690ok
38) GCBench, completed in 691ms, end_time : 16:14:05.282712ok

39) GCBench, start_time : 16:14:05.283264ok
33) 37th Fibonacci calculation, completed in 811ms, end_time : 16:14:05.697106ok

34) Fibonacci calculation, start_time : 16:14:05.697311ok
39) GCBench, completed in 662ms, end_time : 16:14:05.963824ok

40) GCBench, start_time : 16:14:05.964194ok
34) 37th Fibonacci calculation, completed in 819ms, end_time : 16:14:06.517413ok

35) Fibonacci calculation, start_time : 16:14:06.517636ok
40) GCBench, completed in 682ms, end_time : 16:14:06.662786ok

41) GCBench, start_time : 16:14:06.662968ok
35) 37th Fibonacci calculation, completed in 815ms, end_time : 16:14:07.334162ok

36) Fibonacci calculation, start_time : 16:14:07.334362ok
41) GCBench, completed in 680ms, end_time : 16:14:07.360901ok

42) GCBench, start_time : 16:14:07.361067ok
42) GCBench, completed in 692ms, end_time : 16:14:08.070919ok

43) GCBench, start_time : 16:14:08.071268ok
36) 37th Fibonacci calculation, completed in 815ms, end_time : 16:14:08.149842ok

37) Fibonacci calculation, start_time : 16:14:08.149987ok
43) GCBench, completed in 667ms, end_time : 16:14:08.755840ok

44) GCBench, start_time : 16:14:08.756013ok
37) 37th Fibonacci calculation, completed in 803ms, end_time : 16:14:08.953535ok

38) Fibonacci calculation, start_time : 16:14:08.953650ok
44) GCBench, completed in 683ms, end_time : 16:14:09.455968ok

45) GCBench, start_time : 16:14:09.456400ok
38) 37th Fibonacci calculation, completed in 813ms, end_time : 16:14:09.767271ok

39) Fibonacci calculation, start_time : 16:14:09.767639ok
45) GCBench, completed in 663ms, end_time : 16:14:10.139054ok

46) GCBench, start_time : 16:14:10.139535ok
39) 37th Fibonacci calculation, completed in 810ms, end_time : 16:14:10.577967ok

40) Fibonacci calculation, start_time : 16:14:10.578188ok
46) GCBench, completed in 672ms, end_time : 16:14:10.828905ok

47) GCBench, start_time : 16:14:10.829049ok
40) 37th Fibonacci calculation, completed in 816ms, end_time : 16:14:11.394904ok

41) Fibonacci calculation, start_time : 16:14:11.395198ok
47) GCBench, completed in 667ms, end_time : 16:14:11.513965ok

48) GCBench, start_time : 16:14:11.514357ok
41) 37th Fibonacci calculation, completed in 833ms, end_time : 16:14:12.229199ok

42) Fibonacci calculation, start_time : 16:14:12.229307ok
48) GCBench, completed in 713ms, end_time : 16:14:12.245040ok

49) GCBench, start_time : 16:14:12.245522ok
49) GCBench, completed in 682ms, end_time : 16:14:12.944945ok

50) GCBench, start_time : 16:14:12.945421ok
42) 37th Fibonacci calculation, completed in 839ms, end_time : 16:14:13.069262ok

43) Fibonacci calculation, start_time : 16:14:13.070088ok
50) GCBench, completed in 691ms, end_time : 16:14:13.654001ok

51) GCBench, start_time : 16:14:13.654510ok
43) 37th Fibonacci calculation, completed in 808ms, end_time : 16:14:13.879100ok

44) Fibonacci calculation, start_time : 16:14:13.879462ok
51) GCBench, completed in 666ms, end_time : 16:14:14.339058ok

52) GCBench, start_time : 16:14:14.339274ok
44) 37th Fibonacci calculation, completed in 813ms, end_time : 16:14:14.692928ok

45) Fibonacci calculation, start_time : 16:14:14.693243ok
52) GCBench, completed in 693ms, end_time : 16:14:15.050205ok

53) GCBench, start_time : 16:14:15.050557ok
45) 37th Fibonacci calculation, completed in 806ms, end_time : 16:14:15.500323ok

46) Fibonacci calculation, start_time : 16:14:15.500482ok
53) GCBench, completed in 657ms, end_time : 16:14:15.726180ok

54) GCBench, start_time : 16:14:15.726402ok
46) 37th Fibonacci calculation, completed in 819ms, end_time : 16:14:16.320823ok

47) Fibonacci calculation, start_time : 16:14:16.321882ok
54) GCBench, completed in 693ms, end_time : 16:14:16.436144ok

55) GCBench, start_time : 16:14:16.436543ok
55) GCBench, completed in 667ms, end_time : 16:14:17.122151ok

56) GCBench, start_time : 16:14:17.122310ok
47) 37th Fibonacci calculation, completed in 818ms, end_time : 16:14:17.140716ok

48) Fibonacci calculation, start_time : 16:14:17.140844ok
56) GCBench, completed in 693ms, end_time : 16:14:17.833217ok

57) GCBench, start_time : 16:14:17.833744ok
48) 37th Fibonacci calculation, completed in 822ms, end_time : 16:14:17.963062ok

49) Fibonacci calculation, start_time : 16:14:17.963175ok
57) GCBench, completed in 664ms, end_time : 16:14:18.514268ok

58) GCBench, start_time : 16:14:18.514441ok
49) 37th Fibonacci calculation, completed in 810ms, end_time : 16:14:18.774187ok

50) Fibonacci calculation, start_time : 16:14:18.774301ok
58) GCBench, completed in 681ms, end_time : 16:14:19.214785ok

59) GCBench, start_time : 16:14:19.215037ok
50) 37th Fibonacci calculation, completed in 816ms, end_time : 16:14:19.591157ok

51) Fibonacci calculation, start_time : 16:14:19.591337ok
59) GCBench, completed in 664ms, end_time : 16:14:19.897703ok

60) GCBench, start_time : 16:14:19.897977ok
51) 37th Fibonacci calculation, completed in 825ms, end_time : 16:14:20.417538ok

52) Fibonacci calculation, start_time : 16:14:20.417674ok
60) GCBench, completed in 690ms, end_time : 16:14:20.604831ok

61) GCBench, start_time : 16:14:20.605165ok
52) 37th Fibonacci calculation, completed in 809ms, end_time : 16:14:21.226902ok

53) Fibonacci calculation, start_time : 16:14:21.227034ok
61) GCBench, completed in 675ms, end_time : 16:14:21.298816ok

62) GCBench, start_time : 16:14:21.299312ok
62) GCBench, completed in 686ms, end_time : 16:14:22.001750ok

63) GCBench, start_time : 16:14:22.002234ok
53) 37th Fibonacci calculation, completed in 815ms, end_time : 16:14:22.042963ok

54) Fibonacci calculation, start_time : 16:14:22.043085ok
63) GCBench, completed in 670ms, end_time : 16:14:22.688785ok

64) GCBench, start_time : 16:14:22.689251ok
54) 37th Fibonacci calculation, completed in 823ms, end_time : 16:14:22.866995ok

55) Fibonacci calculation, start_time : 16:14:22.867122ok
64) GCBench, completed in 693ms, end_time : 16:14:23.399867ok

65) GCBench, start_time : 16:14:23.400007ok
55) 37th Fibonacci calculation, completed in 827ms, end_time : 16:14:23.694625ok

56) Fibonacci calculation, start_time : 16:14:23.694882ok
65) GCBench, completed in 667ms, end_time : 16:14:24.085854ok

66) GCBench, start_time : 16:14:24.086042ok
56) 37th Fibonacci calculation, completed in 809ms, end_time : 16:14:24.504903ok

57) Fibonacci calculation, start_time : 16:14:24.505204ok
66) GCBench, completed in 681ms, end_time : 16:14:24.785873ok

67) GCBench, start_time : 16:14:24.786033ok
57) 37th Fibonacci calculation, completed in 814ms, end_time : 16:14:25.319690ok

58) Fibonacci calculation, start_time : 16:14:25.319966ok
67) GCBench, completed in 663ms, end_time : 16:14:25.466243ok

68) GCBench, start_time : 16:14:25.466750ok
58) 37th Fibonacci calculation, completed in 805ms, end_time : 16:14:26.125721ok

59) Fibonacci calculation, start_time : 16:14:26.126050ok
68) GCBench, completed in 693ms, end_time : 16:14:26.175881ok

69) GCBench, start_time : 16:14:26.176039ok
69) GCBench, completed in 674ms, end_time : 16:14:26.867124ok

70) GCBench, start_time : 16:14:26.867240ok
59) 37th Fibonacci calculation, completed in 817ms, end_time : 16:14:26.954009ok

60) Fibonacci calculation, start_time : 16:14:26.954770ok
70) GCBench, completed in 694ms, end_time : 16:14:27.578976ok

71) GCBench, start_time : 16:14:27.579164ok
60) 37th Fibonacci calculation, completed in 808ms, end_time : 16:14:27.763311ok

61) Fibonacci calculation, start_time : 16:14:27.763489ok
71) GCBench, completed in 664ms, end_time : 16:14:28.261961ok

72) GCBench, start_time : 16:14:28.262121ok
61) 37th Fibonacci calculation, completed in 812ms, end_time : 16:14:28.576131ok

62) Fibonacci calculation, start_time : 16:14:28.576450ok
72) GCBench, completed in 685ms, end_time : 16:14:28.964058ok

73) GCBench, start_time : 16:14:28.964424ok
62) 37th Fibonacci calculation, completed in 821ms, end_time : 16:14:29.398310ok

63) Fibonacci calculation, start_time : 16:14:29.398700ok
73) GCBench, completed in 675ms, end_time : 16:14:29.657039ok

74) GCBench, start_time : 16:14:29.657234ok
63) 37th Fibonacci calculation, completed in 809ms, end_time : 16:14:30.208411ok

64) Fibonacci calculation, start_time : 16:14:30.208688ok
74) GCBench, completed in 664ms, end_time : 16:14:30.342062ok

75) GCBench, start_time : 16:14:30.342215ok
64) 37th Fibonacci calculation, completed in 807ms, end_time : 16:14:31.016831ok

65) Fibonacci calculation, start_time : 16:14:31.017008ok
75) GCBench, completed in 662ms, end_time : 16:14:31.021107ok

76) GCBench, start_time : 16:14:31.021355ok
76) GCBench, completed in 676ms, end_time : 16:14:31.715105ok

77) GCBench, start_time : 16:14:31.715639ok
65) 37th Fibonacci calculation, completed in 810ms, end_time : 16:14:31.827706ok

66) Fibonacci calculation, start_time : 16:14:31.828624ok
77) GCBench, completed in 672ms, end_time : 16:14:32.405172ok

78) GCBench, start_time : 16:14:32.405361ok
66) 37th Fibonacci calculation, completed in 817ms, end_time : 16:14:32.646870ok

67) Fibonacci calculation, start_time : 16:14:32.647148ok
78) GCBench, completed in 685ms, end_time : 16:14:33.109221ok

79) GCBench, start_time : 16:14:33.109386ok
67) 37th Fibonacci calculation, completed in 816ms, end_time : 16:14:33.464223ok

68) Fibonacci calculation, start_time : 16:14:33.464336ok
79) GCBench, completed in 660ms, end_time : 16:14:33.787155ok

80) GCBench, start_time : 16:14:33.787350ok
68) 37th Fibonacci calculation, completed in 816ms, end_time : 16:14:34.281101ok

69) Fibonacci calculation, start_time : 16:14:34.281447ok
80) GCBench, completed in 683ms, end_time : 16:14:34.488601ok

81) GCBench, start_time : 16:14:34.488749ok
69) 37th Fibonacci calculation, completed in 816ms, end_time : 16:14:35.097682ok

70) Fibonacci calculation, start_time : 16:14:35.097954ok
81) GCBench, completed in 674ms, end_time : 16:14:35.180806ok

82) GCBench, start_time : 16:14:35.181180ok
82) GCBench, completed in 668ms, end_time : 16:14:35.867665ok

83) GCBench, start_time : 16:14:35.867932ok
70) 37th Fibonacci calculation, completed in 811ms, end_time : 16:14:35.909751ok

71) Fibonacci calculation, start_time : 16:14:35.910141ok
83) GCBench, completed in 658ms, end_time : 16:14:36.543682ok

84) GCBench, start_time : 16:14:36.544088ok
71) 37th Fibonacci calculation, completed in 809ms, end_time : 16:14:36.720323ok

72) Fibonacci calculation, start_time : 16:14:36.720446ok
84) GCBench, completed in 698ms, end_time : 16:14:37.260910ok

85) GCBench, start_time : 16:14:37.261057ok
72) 37th Fibonacci calculation, completed in 810ms, end_time : 16:14:37.531359ok

73) Fibonacci calculation, start_time : 16:14:37.531464ok
85) GCBench, completed in 664ms, end_time : 16:14:37.941736ok

86) GCBench, start_time : 16:14:37.941883ok
73) 37th Fibonacci calculation, completed in 815ms, end_time : 16:14:38.347683ok

74) Fibonacci calculation, start_time : 16:14:38.347962ok
86) GCBench, completed in 691ms, end_time : 16:14:38.649777ok

87) GCBench, start_time : 16:14:38.650290ok
74) 37th Fibonacci calculation, completed in 806ms, end_time : 16:14:39.155310ok

75) Fibonacci calculation, start_time : 16:14:39.155435ok
87) GCBench, completed in 663ms, end_time : 16:14:39.331078ok

88) GCBench, start_time : 16:14:39.331691ok
75) 37th Fibonacci calculation, completed in 809ms, end_time : 16:14:39.965410ok

76) Fibonacci calculation, start_time : 16:14:39.965566ok
88) GCBench, completed in 682ms, end_time : 16:14:40.031959ok

89) GCBench, start_time : 16:14:40.032393ok
89) GCBench, completed in 668ms, end_time : 16:14:40.718824ok

90) GCBench, start_time : 16:14:40.718983ok
76) 37th Fibonacci calculation, completed in 817ms, end_time : 16:14:40.783216ok

77) Fibonacci calculation, start_time : 16:14:40.783339ok
90) GCBench, completed in 670ms, end_time : 16:14:41.406886ok

91) GCBench, start_time : 16:14:41.407365ok
77) 37th Fibonacci calculation, completed in 809ms, end_time : 16:14:41.592551ok

78) Fibonacci calculation, start_time : 16:14:41.592910ok
91) GCBench, completed in 658ms, end_time : 16:14:42.084058ok

92) GCBench, start_time : 16:14:42.084682ok
78) 37th Fibonacci calculation, completed in 832ms, end_time : 16:14:42.425218ok

79) Fibonacci calculation, start_time : 16:14:42.425682ok
92) GCBench, completed in 686ms, end_time : 16:14:42.788004ok

93) GCBench, start_time : 16:14:42.788150ok
79) 37th Fibonacci calculation, completed in 843ms, end_time : 16:14:43.269961ok

80) Fibonacci calculation, start_time : 16:14:43.270233ok
93) GCBench, completed in 684ms, end_time : 16:14:43.490008ok

94) GCBench, start_time : 16:14:43.490260ok
80) 37th Fibonacci calculation, completed in 817ms, end_time : 16:14:44.088441ok

81) Fibonacci calculation, start_time : 16:14:44.088666ok
94) GCBench, completed in 665ms, end_time : 16:14:44.175049ok

95) GCBench, start_time : 16:14:44.175612ok
95) GCBench, completed in 661ms, end_time : 16:14:44.856145ok

96) GCBench, start_time : 16:14:44.856552ok
81) 37th Fibonacci calculation, completed in 816ms, end_time : 16:14:44.905650ok

82) Fibonacci calculation, start_time : 16:14:44.905845ok
96) GCBench, completed in 696ms, end_time : 16:14:45.570007ok

97) GCBench, start_time : 16:14:45.570167ok
82) 37th Fibonacci calculation, completed in 814ms, end_time : 16:14:45.720512ok

83) Fibonacci calculation, start_time : 16:14:45.720624ok
97) GCBench, completed in 667ms, end_time : 16:14:46.256058ok

98) GCBench, start_time : 16:14:46.256444ok
83) 37th Fibonacci calculation, completed in 812ms, end_time : 16:14:46.532998ok

84) Fibonacci calculation, start_time : 16:14:46.533169ok
98) GCBench, completed in 685ms, end_time : 16:14:46.960098ok

99) GCBench, start_time : 16:14:46.960577ok
84) 37th Fibonacci calculation, completed in 827ms, end_time : 16:14:47.360938ok

85) Fibonacci calculation, start_time : 16:14:47.361202ok
99) GCBench, completed in 671ms, end_time : 16:14:47.649079ok

100) GCBench, start_time : 16:14:47.649259ok
85) 37th Fibonacci calculation, completed in 808ms, end_time : 16:14:48.170373ok

86) Fibonacci calculation, start_time : 16:14:48.170803ok
100) GCBench, completed in 687ms, end_time : 16:14:48.354146ok

101) GCBench, start_time : 16:14:48.354329ok
86) 37th Fibonacci calculation, completed in 824ms, end_time : 16:14:48.995531ok

87) Fibonacci calculation, start_time : 16:14:48.995687ok
101) GCBench, completed in 693ms, end_time : 16:14:49.065153ok

102) GCBench, start_time : 16:14:49.065591ok
102) GCBench, completed in 683ms, end_time : 16:14:49.766601ok

103) GCBench, start_time : 16:14:49.766759ok
87) 37th Fibonacci calculation, completed in 822ms, end_time : 16:14:49.818398ok

88) Fibonacci calculation, start_time : 16:14:49.818532ok
103) GCBench, completed in 667ms, end_time : 16:14:50.451750ok

104) GCBench, start_time : 16:14:50.452269ok
88) 37th Fibonacci calculation, completed in 804ms, end_time : 16:14:50.622814ok

89) Fibonacci calculation, start_time : 16:14:50.623024ok
104) GCBench, completed in 682ms, end_time : 16:14:51.151770ok

105) GCBench, start_time : 16:14:51.152188ok
89) 37th Fibonacci calculation, completed in 808ms, end_time : 16:14:51.431700ok

90) Fibonacci calculation, start_time : 16:14:51.432110ok
105) GCBench, completed in 667ms, end_time : 16:14:51.836615ok

106) GCBench, start_time : 16:14:51.836887ok
90) 37th Fibonacci calculation, completed in 823ms, end_time : 16:14:52.255494ok

91) Fibonacci calculation, start_time : 16:14:52.255856ok
106) GCBench, completed in 699ms, end_time : 16:14:52.554695ok

107) GCBench, start_time : 16:14:52.555221ok
91) 37th Fibonacci calculation, completed in 842ms, end_time : 16:14:53.098786ok

92) Fibonacci calculation, start_time : 16:14:53.098918ok
107) GCBench, completed in 678ms, end_time : 16:14:53.250607ok

108) GCBench, start_time : 16:14:53.251054ok
92) 37th Fibonacci calculation, completed in 813ms, end_time : 16:14:53.912314ok

93) Fibonacci calculation, start_time : 16:14:53.912441ok
108) GCBench, completed in 678ms, end_time : 16:14:53.946588ok

109) GCBench, start_time : 16:14:53.947057ok
109) GCBench, completed in 676ms, end_time : 16:14:54.640632ok

110) GCBench, start_time : 16:14:54.640823ok
93) 37th Fibonacci calculation, completed in 812ms, end_time : 16:14:54.724740ok

94) Fibonacci calculation, start_time : 16:14:54.724844ok
110) GCBench, completed in 687ms, end_time : 16:14:55.345739ok

111) GCBench, start_time : 16:14:55.346144ok
94) 37th Fibonacci calculation, completed in 813ms, end_time : 16:14:55.538599ok

95) Fibonacci calculation, start_time : 16:14:55.538977ok
111) GCBench, completed in 665ms, end_time : 16:14:56.028588ok

112) GCBench, start_time : 16:14:56.028746ok
95) 37th Fibonacci calculation, completed in 811ms, end_time : 16:14:56.350613ok

96) Fibonacci calculation, start_time : 16:14:56.350723ok
112) GCBench, completed in 690ms, end_time : 16:14:56.736726ok

113) GCBench, start_time : 16:14:56.737069ok
96) 37th Fibonacci calculation, completed in 810ms, end_time : 16:14:57.161922ok

97) Fibonacci calculation, start_time : 16:14:57.162287ok
113) GCBench, completed in 679ms, end_time : 16:14:57.433774ok

114) GCBench, start_time : 16:14:57.434035ok
97) 37th Fibonacci calculation, completed in 815ms, end_time : 16:14:57.978264ok

98) Fibonacci calculation, start_time : 16:14:57.978380ok
114) GCBench, completed in 684ms, end_time : 16:14:58.135636ok

115) GCBench, start_time : 16:14:58.135844ok
98) 37th Fibonacci calculation, completed in 810ms, end_time : 16:14:58.789172ok

99) Fibonacci calculation, start_time : 16:14:58.789282ok
115) GCBench, completed in 664ms, end_time : 16:14:58.817580ok

116) GCBench, start_time : 16:14:58.818031ok
116) GCBench, completed in 696ms, end_time : 16:14:59.531631ok

117) GCBench, start_time : 16:14:59.532099ok
99) 37th Fibonacci calculation, completed in 808ms, end_time : 16:14:59.598523ok

100) Fibonacci calculation, start_time : 16:14:59.598649ok
117) GCBench, completed in 669ms, end_time : 16:15:00.218621ok

118) GCBench, start_time : 16:15:00.218819ok
100) 37th Fibonacci calculation, completed in 805ms, end_time : 16:15:00.403976ok

101) Fibonacci calculation, start_time : 16:15:00.404085ok
118) GCBench, completed in 675ms, end_time : 16:15:00.912771ok

119) GCBench, start_time : 16:15:00.913189ok
101) 37th Fibonacci calculation, completed in 815ms, end_time : 16:15:01.220136ok

102) Fibonacci calculation, start_time : 16:15:01.220249ok
119) GCBench, completed in 661ms, end_time : 16:15:01.592637ok

120) GCBench, start_time : 16:15:01.592803ok
102) 37th Fibonacci calculation, completed in 815ms, end_time : 16:15:02.035881ok

103) Fibonacci calculation, start_time : 16:15:02.036030ok
120) GCBench, completed in 701ms, end_time : 16:15:02.310634ok

121) GCBench, start_time : 16:15:02.310767ok
103) 37th Fibonacci calculation, completed in 826ms, end_time : 16:15:02.863344ok

104) Fibonacci calculation, start_time : 16:15:02.863707ok
121) GCBench, completed in 684ms, end_time : 16:15:03.012610ok

122) GCBench, start_time : 16:15:03.013092ok
104) 37th Fibonacci calculation, completed in 817ms, end_time : 16:15:03.681754ok

105) Fibonacci calculation, start_time : 16:15:03.681882ok
122) GCBench, completed in 686ms, end_time : 16:15:03.716634ok

123) GCBench, start_time : 16:15:03.717109ok
123) GCBench, completed in 660ms, end_time : 16:15:04.395635ok

124) GCBench, start_time : 16:15:04.395883ok
105) 37th Fibonacci calculation, completed in 812ms, end_time : 16:15:04.495004ok

106) Fibonacci calculation, start_time : 16:15:04.495114ok
124) GCBench, completed in 690ms, end_time : 16:15:05.103595ok

125) GCBench, start_time : 16:15:05.103755ok
106) 37th Fibonacci calculation, completed in 802ms, end_time : 16:15:05.297447ok

107) Fibonacci calculation, start_time : 16:15:05.297558ok
125) GCBench, completed in 668ms, end_time : 16:15:05.789782ok

126) GCBench, start_time : 16:15:05.790531ok
107) 37th Fibonacci calculation, completed in 813ms, end_time : 16:15:06.111058ok

108) Fibonacci calculation, start_time : 16:15:06.111195ok
126) GCBench, completed in 667ms, end_time : 16:15:06.474659ok

127) GCBench, start_time : 16:15:06.474818ok
108) 37th Fibonacci calculation, completed in 811ms, end_time : 16:15:06.922678ok

109) Fibonacci calculation, start_time : 16:15:06.922829ok
127) GCBench, completed in 665ms, end_time : 16:15:07.156770ok

128) GCBench, start_time : 16:15:07.157195ok
109) 37th Fibonacci calculation, completed in 821ms, end_time : 16:15:07.744503ok

110) Fibonacci calculation, start_time : 16:15:07.744657ok
128) GCBench, completed in 687ms, end_time : 16:15:07.862680ok

129) GCBench, start_time : 16:15:07.863208ok
129) GCBench, completed in 672ms, end_time : 16:15:08.552624ok

130) GCBench, start_time : 16:15:08.552764ok
110) 37th Fibonacci calculation, completed in 813ms, end_time : 16:15:08.558682ok

111) Fibonacci calculation, start_time : 16:15:08.558872ok
130) GCBench, completed in 689ms, end_time : 16:15:09.259632ok

131) GCBench, start_time : 16:15:09.259886ok
111) 37th Fibonacci calculation, completed in 810ms, end_time : 16:15:09.369677ok

112) Fibonacci calculation, start_time : 16:15:09.369806ok
131) GCBench, completed in 666ms, end_time : 16:15:09.944628ok

132) GCBench, start_time : 16:15:09.945064ok
112) 37th Fibonacci calculation, completed in 804ms, end_time : 16:15:10.174502ok

113) Fibonacci calculation, start_time : 16:15:10.174906ok
132) GCBench, completed in 673ms, end_time : 16:15:10.635730ok

133) GCBench, start_time : 16:15:10.636199ok
113) 37th Fibonacci calculation, completed in 817ms, end_time : 16:15:10.992944ok

114) Fibonacci calculation, start_time : 16:15:10.993324ok
133) GCBench, completed in 685ms, end_time : 16:15:11.338655ok

134) GCBench, start_time : 16:15:11.338912ok
114) 37th Fibonacci calculation, completed in 819ms, end_time : 16:15:11.813435ok

115) Fibonacci calculation, start_time : 16:15:11.813602ok
134) GCBench, completed in 690ms, end_time : 16:15:12.046602ok

135) GCBench, start_time : 16:15:12.047078ok
115) 37th Fibonacci calculation, completed in 823ms, end_time : 16:15:12.637089ok

116) Fibonacci calculation, start_time : 16:15:12.637206ok
135) GCBench, completed in 666ms, end_time : 16:15:12.731679ok

136) GCBench, start_time : 16:15:12.731926ok
136) GCBench, completed in 700ms, end_time : 16:15:13.448737ok

137) GCBench, start_time : 16:15:13.449145ok
116) 37th Fibonacci calculation, completed in 818ms, end_time : 16:15:13.456329ok

117) Fibonacci calculation, start_time : 16:15:13.456486ok
137) GCBench, completed in 679ms, end_time : 16:15:14.146738ok

138) GCBench, start_time : 16:15:14.147204ok
117) 37th Fibonacci calculation, completed in 811ms, end_time : 16:15:14.267894ok

118) Fibonacci calculation, start_time : 16:15:14.268026ok
138) GCBench, completed in 671ms, end_time : 16:15:14.836701ok

139) GCBench, start_time : 16:15:14.837144ok
118) 37th Fibonacci calculation, completed in 801ms, end_time : 16:15:15.070106ok

119) Fibonacci calculation, start_time : 16:15:15.070217ok
139) GCBench, completed in 662ms, end_time : 16:15:15.516720ok

140) GCBench, start_time : 16:15:15.517096ok
119) 37th Fibonacci calculation, completed in 816ms, end_time : 16:15:15.887422ok

120) Fibonacci calculation, start_time : 16:15:15.887541ok
140) GCBench, completed in 695ms, end_time : 16:15:16.229631ok

141) GCBench, start_time : 16:15:16.230108ok
120) 37th Fibonacci calculation, completed in 818ms, end_time : 16:15:16.706671ok

121) Fibonacci calculation, start_time : 16:15:16.707109ok
141) GCBench, completed in 678ms, end_time : 16:15:16.925636ok

142) GCBench, start_time : 16:15:16.925798ok
121) 37th Fibonacci calculation, completed in 821ms, end_time : 16:15:17.528438ok

122) Fibonacci calculation, start_time : 16:15:17.528643ok
142) GCBench, completed in 679ms, end_time : 16:15:17.623599ok

143) GCBench, start_time : 16:15:17.624000ok
143) GCBench, completed in 672ms, end_time : 16:15:18.313772ok

144) GCBench, start_time : 16:15:18.314183ok
122) 37th Fibonacci calculation, completed in 827ms, end_time : 16:15:18.356100ok

123) Fibonacci calculation, start_time : 16:15:18.356451ok
144) GCBench, completed in 687ms, end_time : 16:15:19.017652ok

145) GCBench, start_time : 16:15:19.017806ok
123) 37th Fibonacci calculation, completed in 810ms, end_time : 16:15:19.166939ok

124) Fibonacci calculation, start_time : 16:15:19.168661ok
145) GCBench, completed in 669ms, end_time : 16:15:19.705514ok

146) GCBench, start_time : 16:15:19.705640ok
124) 37th Fibonacci calculation, completed in 822ms, end_time : 16:15:19.991813ok

125) Fibonacci calculation, start_time : 16:15:19.991965ok
146) GCBench, completed in 672ms, end_time : 16:15:20.395625ok

147) GCBench, start_time : 16:15:20.396122ok
125) 37th Fibonacci calculation, completed in 800ms, end_time : 16:15:20.792299ok

126) Fibonacci calculation, start_time : 16:15:20.793694ok
147) GCBench, completed in 670ms, end_time : 16:15:21.082680ok

148) GCBench, start_time : 16:15:21.083194ok
126) 37th Fibonacci calculation, completed in 808ms, end_time : 16:15:21.602476ok

127) Fibonacci calculation, start_time : 16:15:21.602787ok
148) GCBench, completed in 688ms, end_time : 16:15:21.788637ok

149) GCBench, start_time : 16:15:21.789101ok
127) 37th Fibonacci calculation, completed in 817ms, end_time : 16:15:22.420624ok

128) Fibonacci calculation, start_time : 16:15:22.420984ok
149) GCBench, completed in 688ms, end_time : 16:15:22.495655ok

150) GCBench, start_time : 16:15:22.495843ok
150) GCBench, completed in 695ms, end_time : 16:15:23.207742ok

151) GCBench, start_time : 16:15:23.208131ok
128) 37th Fibonacci calculation, completed in 840ms, end_time : 16:15:23.261412ok

129) Fibonacci calculation, start_time : 16:15:23.261542ok
151) GCBench, completed in 664ms, end_time : 16:15:23.888830ok

152) GCBench, start_time : 16:15:23.889518ok
129) 37th Fibonacci calculation, completed in 806ms, end_time : 16:15:24.067872ok

130) Fibonacci calculation, start_time : 16:15:24.067999ok
152) GCBench, completed in 675ms, end_time : 16:15:24.582750ok

153) GCBench, start_time : 16:15:24.582977ok
130) 37th Fibonacci calculation, completed in 812ms, end_time : 16:15:24.880839ok

131) Fibonacci calculation, start_time : 16:15:24.881099ok
153) GCBench, completed in 677ms, end_time : 16:15:25.277906ok

154) GCBench, start_time : 16:15:25.278241ok
131) 37th Fibonacci calculation, completed in 803ms, end_time : 16:15:25.684753ok

132) Fibonacci calculation, start_time : 16:15:25.685130ok
154) GCBench, completed in 696ms, end_time : 16:15:25.991666ok

155) GCBench, start_time : 16:15:25.991836ok
132) 37th Fibonacci calculation, completed in 811ms, end_time : 16:15:26.496840ok

133) Fibonacci calculation, start_time : 16:15:26.496959ok
155) GCBench, completed in 662ms, end_time : 16:15:26.671671ok

156) GCBench, start_time : 16:15:26.671835ok
133) 37th Fibonacci calculation, completed in 820ms, end_time : 16:15:27.318090ok

134) Fibonacci calculation, start_time : 16:15:27.318211ok
156) GCBench, completed in 699ms, end_time : 16:15:27.388799ok

157) GCBench, start_time : 16:15:27.389288ok
157) GCBench, completed in 676ms, end_time : 16:15:28.082645ok

158) GCBench, start_time : 16:15:28.082809ok
134) 37th Fibonacci calculation, completed in 813ms, end_time : 16:15:28.132397ok

135) Fibonacci calculation, start_time : 16:15:28.133035ok
158) GCBench, completed in 684ms, end_time : 16:15:28.783653ok

159) GCBench, start_time : 16:15:28.784070ok
135) 37th Fibonacci calculation, completed in 803ms, end_time : 16:15:28.936973ok

136) Fibonacci calculation, start_time : 16:15:28.937097ok
159) GCBench, completed in 664ms, end_time : 16:15:29.466720ok

160) GCBench, start_time : 16:15:29.466828ok
136) 37th Fibonacci calculation, completed in 809ms, end_time : 16:15:29.747205ok

137) Fibonacci calculation, start_time : 16:15:29.747997ok
160) GCBench, completed in 692ms, end_time : 16:15:30.176784ok

161) GCBench, start_time : 16:15:30.176925ok
137) 37th Fibonacci calculation, completed in 811ms, end_time : 16:15:30.560268ok

138) Fibonacci calculation, start_time : 16:15:30.560724ok
161) GCBench, completed in 662ms, end_time : 16:15:30.856759ok

162) GCBench, start_time : 16:15:30.857170ok
138) 37th Fibonacci calculation, completed in 816ms, end_time : 16:15:31.377282ok

139) Fibonacci calculation, start_time : 16:15:31.377625ok
162) GCBench, completed in 675ms, end_time : 16:15:31.548681ok

163) GCBench, start_time : 16:15:31.549201ok
139) 37th Fibonacci calculation, completed in 821ms, end_time : 16:15:32.199713ok

140) Fibonacci calculation, start_time : 16:15:32.199819ok
163) GCBench, completed in 675ms, end_time : 16:15:32.241704ok

164) GCBench, start_time : 16:15:32.242083ok
164) GCBench, completed in 684ms, end_time : 16:15:32.942762ok

165) GCBench, start_time : 16:15:32.942939ok
140) 37th Fibonacci calculation, completed in 811ms, end_time : 16:15:33.011569ok

141) Fibonacci calculation, start_time : 16:15:33.011716ok
165) GCBench, completed in 686ms, end_time : 16:15:33.646801ok

166) GCBench, start_time : 16:15:33.646955ok
141) 37th Fibonacci calculation, completed in 808ms, end_time : 16:15:33.820282ok

142) Fibonacci calculation, start_time : 16:15:33.820468ok
166) GCBench, completed in 679ms, end_time : 16:15:34.343717ok

167) GCBench, start_time : 16:15:34.343845ok
142) 37th Fibonacci calculation, completed in 811ms, end_time : 16:15:34.632408ok

143) Fibonacci calculation, start_time : 16:15:34.632703ok
167) GCBench, completed in 664ms, end_time : 16:15:35.025764ok

168) GCBench, start_time : 16:15:35.026177ok
143) 37th Fibonacci calculation, completed in 804ms, end_time : 16:15:35.438105ok

144) Fibonacci calculation, start_time : 16:15:35.438718ok
168) GCBench, completed in 678ms, end_time : 16:15:35.722711ok

169) GCBench, start_time : 16:15:35.723172ok
144) 37th Fibonacci calculation, completed in 808ms, end_time : 16:15:36.247469ok

145) Fibonacci calculation, start_time : 16:15:36.247605ok
169) GCBench, completed in 669ms, end_time : 16:15:36.408737ok

170) GCBench, start_time : 16:15:36.408867ok
145) 37th Fibonacci calculation, completed in 820ms, end_time : 16:15:37.068200ok

146) Fibonacci calculation, start_time : 16:15:37.068333ok
170) GCBench, completed in 674ms, end_time : 16:15:37.100618ok

171) GCBench, start_time : 16:15:37.100761ok
171) GCBench, completed in 676ms, end_time : 16:15:37.795643ok

172) GCBench, start_time : 16:15:37.795791ok
146) 37th Fibonacci calculation, completed in 831ms, end_time : 16:15:37.899870ok

147) Fibonacci calculation, start_time : 16:15:37.900200ok
172) GCBench, completed in 685ms, end_time : 16:15:38.497608ok

173) GCBench, start_time : 16:15:38.497764ok
147) 37th Fibonacci calculation, completed in 799ms, end_time : 16:15:38.699917ok

148) Fibonacci calculation, start_time : 16:15:38.700233ok
173) GCBench, completed in 670ms, end_time : 16:15:39.184627ok

174) GCBench, start_time : 16:15:39.184792ok
148) 37th Fibonacci calculation, completed in 818ms, end_time : 16:15:39.518868ok

149) Fibonacci calculation, start_time : 16:15:39.519159ok
174) GCBench, completed in 681ms, end_time : 16:15:39.884645ok

175) GCBench, start_time : 16:15:39.884912ok
149) 37th Fibonacci calculation, completed in 817ms, end_time : 16:15:40.337324ok

150) Fibonacci calculation, start_time : 16:15:40.337534ok
175) GCBench, completed in 657ms, end_time : 16:15:40.559714ok

176) GCBench, start_time : 16:15:40.560192ok
150) 37th Fibonacci calculation, completed in 824ms, end_time : 16:15:41.163772ok

151) Fibonacci calculation, start_time : 16:15:41.163907ok
176) GCBench, completed in 682ms, end_time : 16:15:41.259624ok

177) GCBench, start_time : 16:15:41.260065ok
177) GCBench, completed in 661ms, end_time : 16:15:41.938654ok

178) GCBench, start_time : 16:15:41.938797ok
151) 37th Fibonacci calculation, completed in 815ms, end_time : 16:15:41.980208ok

152) Fibonacci calculation, start_time : 16:15:41.980372ok
178) GCBench, completed in 697ms, end_time : 16:15:42.653674ok

179) GCBench, start_time : 16:15:42.653856ok
152) 37th Fibonacci calculation, completed in 810ms, end_time : 16:15:42.791366ok

153) Fibonacci calculation, start_time : 16:15:42.791499ok
179) GCBench, completed in 672ms, end_time : 16:15:43.343678ok

180) GCBench, start_time : 16:15:43.343815ok
153) 37th Fibonacci calculation, completed in 834ms, end_time : 16:15:43.625996ok

154) Fibonacci calculation, start_time : 16:15:43.626979ok
180) GCBench, completed in 672ms, end_time : 16:15:44.033437ok

181) GCBench, start_time : 16:15:44.033612ok
154) 37th Fibonacci calculation, completed in 803ms, end_time : 16:15:44.430962ok

155) Fibonacci calculation, start_time : 16:15:44.431071ok
181) GCBench, completed in 678ms, end_time : 16:15:44.729662ok

182) GCBench, start_time : 16:15:44.729917ok
155) 37th Fibonacci calculation, completed in 821ms, end_time : 16:15:45.252542ok

156) Fibonacci calculation, start_time : 16:15:45.252673ok
182) GCBench, completed in 684ms, end_time : 16:15:45.430642ok

183) GCBench, start_time : 16:15:45.430818ok
156) 37th Fibonacci calculation, completed in 809ms, end_time : 16:15:46.062341ok

157) Fibonacci calculation, start_time : 16:15:46.062726ok
183) GCBench, completed in 661ms, end_time : 16:15:46.110674ok

184) GCBench, start_time : 16:15:46.111127ok
184) GCBench, completed in 700ms, end_time : 16:15:46.828810ok

185) GCBench, start_time : 16:15:46.829186ok
157) 37th Fibonacci calculation, completed in 812ms, end_time : 16:15:46.875292ok

158) Fibonacci calculation, start_time : 16:15:46.875400ok
185) GCBench, completed in 677ms, end_time : 16:15:47.522608ok

186) GCBench, start_time : 16:15:47.522745ok
158) 37th Fibonacci calculation, completed in 812ms, end_time : 16:15:47.687954ok

159) Fibonacci calculation, start_time : 16:15:47.688078ok
186) GCBench, completed in 677ms, end_time : 16:15:48.216660ok

187) GCBench, start_time : 16:15:48.216984ok
159) 37th Fibonacci calculation, completed in 825ms, end_time : 16:15:48.513408ok

160) Fibonacci calculation, start_time : 16:15:48.513752ok
187) GCBench, completed in 653ms, end_time : 16:15:48.887723ok

188) GCBench, start_time : 16:15:48.888240ok
160) 37th Fibonacci calculation, completed in 817ms, end_time : 16:15:49.331077ok

161) Fibonacci calculation, start_time : 16:15:49.331474ok
188) GCBench, completed in 682ms, end_time : 16:15:49.588879ok

189) GCBench, start_time : 16:15:49.589276ok
161) 37th Fibonacci calculation, completed in 818ms, end_time : 16:15:50.150586ok

162) Fibonacci calculation, start_time : 16:15:50.150702ok
189) GCBench, completed in 664ms, end_time : 16:15:50.270802ok

190) GCBench, start_time : 16:15:50.271167ok
162) 37th Fibonacci calculation, completed in 812ms, end_time : 16:15:50.963796ok

163) Fibonacci calculation, start_time : 16:15:50.964029ok
190) GCBench, completed in 676ms, end_time : 16:15:50.965678ok

191) GCBench, start_time : 16:15:50.966223ok
191) GCBench, completed in 658ms, end_time : 16:15:51.641751ok

192) GCBench, start_time : 16:15:51.642152ok
163) 37th Fibonacci calculation, completed in 815ms, end_time : 16:15:51.780038ok

164) Fibonacci calculation, start_time : 16:15:51.780152ok
192) GCBench, completed in 693ms, end_time : 16:15:52.352737ok

193) GCBench, start_time : 16:15:52.353115ok
164) 37th Fibonacci calculation, completed in 809ms, end_time : 16:15:52.590050ok

165) Fibonacci calculation, start_time : 16:15:52.590427ok
193) GCBench, completed in 663ms, end_time : 16:15:53.034698ok

194) GCBench, start_time : 16:15:53.034883ok
165) 37th Fibonacci calculation, completed in 836ms, end_time : 16:15:53.426641ok

166) Fibonacci calculation, start_time : 16:15:53.426753ok
194) GCBench, completed in 719ms, end_time : 16:15:53.770726ok

195) GCBench, start_time : 16:15:53.771229ok
166) 37th Fibonacci calculation, completed in 811ms, end_time : 16:15:54.238001ok

167) Fibonacci calculation, start_time : 16:15:54.238139ok
195) GCBench, completed in 660ms, end_time : 16:15:54.448483ok

196) GCBench, start_time : 16:15:54.448707ok
167) 37th Fibonacci calculation, completed in 812ms, end_time : 16:15:55.050873ok

168) Fibonacci calculation, start_time : 16:15:55.050981ok
196) GCBench, completed in 682ms, end_time : 16:15:55.147824ok

197) GCBench, start_time : 16:15:55.148177ok
197) GCBench, completed in 671ms, end_time : 16:15:55.836766ok

198) GCBench, start_time : 16:15:55.836894ok
168) 37th Fibonacci calculation, completed in 811ms, end_time : 16:15:55.864008ok

169) Fibonacci calculation, start_time : 16:15:55.864541ok
198) GCBench, completed in 666ms, end_time : 16:15:56.521681ok

199) GCBench, start_time : 16:15:56.522127ok
169) 37th Fibonacci calculation, completed in 802ms, end_time : 16:15:56.667776ok

170) Fibonacci calculation, start_time : 16:15:56.667885ok
199) GCBench, completed in 676ms, end_time : 16:15:57.215633ok

200) GCBench, start_time : 16:15:57.215797ok
170) 37th Fibonacci calculation, completed in 818ms, end_time : 16:15:57.486580ok

171) Fibonacci calculation, start_time : 16:15:57.486909ok
200) GCBench, completed in 681ms, end_time : 16:15:57.913712ok

201) GCBench, start_time : 16:15:57.913860ok
171) 37th Fibonacci calculation, completed in 814ms, end_time : 16:15:58.301790ok

172) Fibonacci calculation, start_time : 16:15:58.301947ok
201) GCBench, completed in 674ms, end_time : 16:15:58.605893ok

202) GCBench, start_time : 16:15:58.606385ok
172) 37th Fibonacci calculation, completed in 817ms, end_time : 16:15:59.119841ok

173) Fibonacci calculation, start_time : 16:15:59.120023ok
202) GCBench, completed in 674ms, end_time : 16:15:59.297706ok

203) GCBench, start_time : 16:15:59.297854ok
173) 37th Fibonacci calculation, completed in 814ms, end_time : 16:15:59.935304ok

174) Fibonacci calculation, start_time : 16:15:59.935405ok
203) GCBench, completed in 661ms, end_time : 16:15:59.976653ok

204) GCBench, start_time : 16:15:59.976891ok
204) GCBench, completed in 693ms, end_time : 16:16:00.687708ok

205) GCBench, start_time : 16:16:00.687953ok
174) 37th Fibonacci calculation, completed in 810ms, end_time : 16:16:00.746209ok

175) Fibonacci calculation, start_time : 16:16:00.746316ok
205) GCBench, completed in 675ms, end_time : 16:16:01.380684ok

206) GCBench, start_time : 16:16:01.381168ok
175) 37th Fibonacci calculation, completed in 805ms, end_time : 16:16:01.551707ok

176) Fibonacci calculation, start_time : 16:16:01.551837ok
206) GCBench, completed in 687ms, end_time : 16:16:02.084755ok

207) GCBench, start_time : 16:16:02.085142ok
176) 37th Fibonacci calculation, completed in 823ms, end_time : 16:16:02.375286ok

177) Fibonacci calculation, start_time : 16:16:02.375507ok
207) GCBench, completed in 675ms, end_time : 16:16:02.778844ok

208) GCBench, start_time : 16:16:02.779002ok
177) 37th Fibonacci calculation, completed in 811ms, end_time : 16:16:03.187611ok

178) Fibonacci calculation, start_time : 16:16:03.187946ok
208) GCBench, completed in 683ms, end_time : 16:16:03.479838ok

209) GCBench, start_time : 16:16:03.480289ok
178) 37th Fibonacci calculation, completed in 807ms, end_time : 16:16:03.996016ok

179) Fibonacci calculation, start_time : 16:16:03.996293ok
209) GCBench, completed in 668ms, end_time : 16:16:04.165589ok

210) GCBench, start_time : 16:16:04.166195ok
179) 37th Fibonacci calculation, completed in 816ms, end_time : 16:16:04.813014ok

180) Fibonacci calculation, start_time : 16:16:04.813129ok
210) GCBench, completed in 680ms, end_time : 16:16:04.863665ok

211) GCBench, start_time : 16:16:04.863841ok
211) GCBench, completed in 663ms, end_time : 16:16:05.544872ok

212) GCBench, start_time : 16:16:05.545291ok
180) 37th Fibonacci calculation, completed in 810ms, end_time : 16:16:05.624297ok

181) Fibonacci calculation, start_time : 16:16:05.624493ok
212) GCBench, completed in 678ms, end_time : 16:16:06.240648ok

213) GCBench, start_time : 16:16:06.240807ok
181) 37th Fibonacci calculation, completed in 803ms, end_time : 16:16:06.428471ok

182) Fibonacci calculation, start_time : 16:16:06.428736ok
213) GCBench, completed in 667ms, end_time : 16:16:06.925709ok

214) GCBench, start_time : 16:16:06.926178ok
182) 37th Fibonacci calculation, completed in 823ms, end_time : 16:16:07.252853ok

183) Fibonacci calculation, start_time : 16:16:07.253246ok
214) GCBench, completed in 688ms, end_time : 16:16:07.631700ok

215) GCBench, start_time : 16:16:07.631944ok
183) 37th Fibonacci calculation, completed in 817ms, end_time : 16:16:08.071073ok

184) Fibonacci calculation, start_time : 16:16:08.071186ok
215) GCBench, completed in 676ms, end_time : 16:16:08.326803ok

216) GCBench, start_time : 16:16:08.327266ok
184) 37th Fibonacci calculation, completed in 820ms, end_time : 16:16:08.892261ok

185) Fibonacci calculation, start_time : 16:16:08.892622ok
216) GCBench, completed in 684ms, end_time : 16:16:09.027735ok

217) GCBench, start_time : 16:16:09.027865ok
217) GCBench, completed in 666ms, end_time : 16:16:09.712725ok

218) GCBench, start_time : 16:16:09.712873ok
185) 37th Fibonacci calculation, completed in 839ms, end_time : 16:16:09.732285ok

186) Fibonacci calculation, start_time : 16:16:09.732416ok
218) GCBench, completed in 686ms, end_time : 16:16:10.416670ok

219) GCBench, start_time : 16:16:10.416818ok
186) 37th Fibonacci calculation, completed in 849ms, end_time : 16:16:10.582108ok

187) Fibonacci calculation, start_time : 16:16:10.582237ok
219) GCBench, completed in 656ms, end_time : 16:16:11.090074ok

220) GCBench, start_time : 16:16:11.090534ok
187) 37th Fibonacci calculation, completed in 852ms, end_time : 16:16:11.435035ok

188) Fibonacci calculation, start_time : 16:16:11.435178ok
220) GCBench, completed in 680ms, end_time : 16:16:11.786683ok

221) GCBench, start_time : 16:16:11.786826ok
188) 37th Fibonacci calculation, completed in 823ms, end_time : 16:16:12.258994ok

189) Fibonacci calculation, start_time : 16:16:12.259316ok
221) GCBench, completed in 669ms, end_time : 16:16:12.472850ok

222) GCBench, start_time : 16:16:12.473084ok
189) 37th Fibonacci calculation, completed in 815ms, end_time : 16:16:13.075250ok

190) Fibonacci calculation, start_time : 16:16:13.075588ok
222) GCBench, completed in 706ms, end_time : 16:16:13.195785ok

223) GCBench, start_time : 16:16:13.196326ok
223) GCBench, completed in 662ms, end_time : 16:16:13.876743ok

224) GCBench, start_time : 16:16:13.877071ok
190) 37th Fibonacci calculation, completed in 816ms, end_time : 16:16:13.892350ok

191) Fibonacci calculation, start_time : 16:16:13.892602ok
224) GCBench, completed in 685ms, end_time : 16:16:14.578773ok

225) GCBench, start_time : 16:16:14.579153ok
191) 37th Fibonacci calculation, completed in 801ms, end_time : 16:16:14.694799ok

192) Fibonacci calculation, start_time : 16:16:14.694915ok
225) GCBench, completed in 672ms, end_time : 16:16:15.268825ok

226) GCBench, start_time : 16:16:15.269069ok
192) 37th Fibonacci calculation, completed in 808ms, end_time : 16:16:15.503834ok

193) Fibonacci calculation, start_time : 16:16:15.503952ok
226) GCBench, completed in 685ms, end_time : 16:16:15.971809ok

227) GCBench, start_time : 16:16:15.972076ok
193) 37th Fibonacci calculation, completed in 818ms, end_time : 16:16:16.322530ok

194) Fibonacci calculation, start_time : 16:16:16.322640ok
227) GCBench, completed in 663ms, end_time : 16:16:16.652769ok

228) GCBench, start_time : 16:16:16.652922ok
194) 37th Fibonacci calculation, completed in 811ms, end_time : 16:16:17.134133ok

195) Fibonacci calculation, start_time : 16:16:17.134241ok
228) GCBench, completed in 686ms, end_time : 16:16:17.356663ok

229) GCBench, start_time : 16:16:17.357135ok
195) 37th Fibonacci calculation, completed in 815ms, end_time : 16:16:17.950419ok

196) Fibonacci calculation, start_time : 16:16:17.950526ok
229) GCBench, completed in 681ms, end_time : 16:16:18.055723ok

230) GCBench, start_time : 16:16:18.055872ok
230) GCBench, completed in 671ms, end_time : 16:16:18.744767ok

231) GCBench, start_time : 16:16:18.745172ok
196) 37th Fibonacci calculation, completed in 815ms, end_time : 16:16:18.766451ok

197) Fibonacci calculation, start_time : 16:16:18.766582ok
231) GCBench, completed in 664ms, end_time : 16:16:19.427107ok

232) GCBench, start_time : 16:16:19.427481ok
197) 37th Fibonacci calculation, completed in 803ms, end_time : 16:16:19.569829ok

198) Fibonacci calculation, start_time : 16:16:19.569945ok
232) GCBench, completed in 688ms, end_time : 16:16:20.134662ok

233) GCBench, start_time : 16:16:20.134795ok
198) 37th Fibonacci calculation, completed in 812ms, end_time : 16:16:20.382817ok

199) Fibonacci calculation, start_time : 16:16:20.383347ok
233) GCBench, completed in 669ms, end_time : 16:16:20.821835ok

234) GCBench, start_time : 16:16:20.822233ok
199) 37th Fibonacci calculation, completed in 816ms, end_time : 16:16:21.200402ok

200) Fibonacci calculation, start_time : 16:16:21.200513ok
234) GCBench, completed in 684ms, end_time : 16:16:21.523740ok

235) GCBench, start_time : 16:16:21.524109ok
200) 37th Fibonacci calculation, completed in 820ms, end_time : 16:16:22.021634ok

201) Fibonacci calculation, start_time : 16:16:22.021935ok
235) GCBench, completed in 665ms, end_time : 16:16:22.205569ok

236) GCBench, start_time : 16:16:22.205755ok
201) 37th Fibonacci calculation, completed in 819ms, end_time : 16:16:22.841499ok

202) Fibonacci calculation, start_time : 16:16:22.841614ok
236) GCBench, completed in 687ms, end_time : 16:16:22.910617ok

237) GCBench, start_time : 16:16:22.910767ok
237) GCBench, completed in 703ms, end_time : 16:16:23.632622ok

238) GCBench, start_time : 16:16:23.632811ok
202) 37th Fibonacci calculation, completed in 851ms, end_time : 16:16:23.693399ok

203) Fibonacci calculation, start_time : 16:16:23.693522ok
238) GCBench, completed in 686ms, end_time : 16:16:24.336695ok

239) GCBench, start_time : 16:16:24.336893ok
203) 37th Fibonacci calculation, completed in 807ms, end_time : 16:16:24.501350ok

204) Fibonacci calculation, start_time : 16:16:24.501457ok
239) GCBench, completed in 665ms, end_time : 16:16:25.022000ok

240) GCBench, start_time : 16:16:25.022323ok
204) 37th Fibonacci calculation, completed in 808ms, end_time : 16:16:25.309994ok

205) Fibonacci calculation, start_time : 16:16:25.310270ok
240) GCBench, completed in 692ms, end_time : 16:16:25.730599ok

241) GCBench, start_time : 16:16:25.730845ok
205) 37th Fibonacci calculation, completed in 808ms, end_time : 16:16:26.120181ok

206) Fibonacci calculation, start_time : 16:16:26.120474ok
241) GCBench, completed in 666ms, end_time : 16:16:26.414762ok

242) GCBench, start_time : 16:16:26.414980ok
206) 37th Fibonacci calculation, completed in 820ms, end_time : 16:16:26.941341ok

207) Fibonacci calculation, start_time : 16:16:26.941543ok
242) GCBench, completed in 676ms, end_time : 16:16:27.109604ok

243) GCBench, start_time : 16:16:27.109772ok
207) 37th Fibonacci calculation, completed in 819ms, end_time : 16:16:27.761888ok

208) Fibonacci calculation, start_time : 16:16:27.762010ok
243) GCBench, completed in 674ms, end_time : 16:16:27.800604ok

244) GCBench, start_time : 16:16:27.800842ok
244) GCBench, completed in 685ms, end_time : 16:16:28.503859ok

245) GCBench, start_time : 16:16:28.504009ok
208) 37th Fibonacci calculation, completed in 811ms, end_time : 16:16:28.573500ok

209) Fibonacci calculation, start_time : 16:16:28.575281ok
245) GCBench, completed in 671ms, end_time : 16:16:29.193633ok

246) GCBench, start_time : 16:16:29.194006ok
209) 37th Fibonacci calculation, completed in 807ms, end_time : 16:16:29.383316ok

210) Fibonacci calculation, start_time : 16:16:29.383486ok
246) GCBench, completed in 687ms, end_time : 16:16:29.898623ok

247) GCBench, start_time : 16:16:29.899102ok
210) 37th Fibonacci calculation, completed in 815ms, end_time : 16:16:30.199831ok

211) Fibonacci calculation, start_time : 16:16:30.200256ok
247) GCBench, completed in 666ms, end_time : 16:16:30.582622ok

248) GCBench, start_time : 16:16:30.582875ok
211) 37th Fibonacci calculation, completed in 823ms, end_time : 16:16:31.024283ok

212) Fibonacci calculation, start_time : 16:16:31.024394ok
248) GCBench, completed in 680ms, end_time : 16:16:31.281614ok

249) GCBench, start_time : 16:16:31.282037ok
212) 37th Fibonacci calculation, completed in 811ms, end_time : 16:16:31.836319ok

213) Fibonacci calculation, start_time : 16:16:31.836738ok
249) GCBench, completed in 664ms, end_time : 16:16:31.963656ok

250) GCBench, start_time : 16:16:31.963799ok
213) 37th Fibonacci calculation, completed in 819ms, end_time : 16:16:32.657416ok

214) Fibonacci calculation, start_time : 16:16:32.657525ok
250) GCBench, completed in 695ms, end_time : 16:16:32.678726ok

251) GCBench, start_time : 16:16:32.679097ok
251) GCBench, completed in 658ms, end_time : 16:16:33.353934ok

252) GCBench, start_time : 16:16:33.354541ok
214) 37th Fibonacci calculation, completed in 813ms, end_time : 16:16:33.471300ok

215) Fibonacci calculation, start_time : 16:16:33.471428ok
252) GCBench, completed in 689ms, end_time : 16:16:34.060629ok

253) GCBench, start_time : 16:16:34.060897ok
215) 37th Fibonacci calculation, completed in 800ms, end_time : 16:16:34.272404ok

216) Fibonacci calculation, start_time : 16:16:34.272806ok
253) GCBench, completed in 668ms, end_time : 16:16:34.747676ok

254) GCBench, start_time : 16:16:34.747827ok
216) 37th Fibonacci calculation, completed in 815ms, end_time : 16:16:35.088221ok

217) Fibonacci calculation, start_time : 16:16:35.088337ok
254) GCBench, completed in 686ms, end_time : 16:16:35.452626ok

255) GCBench, start_time : 16:16:35.453086ok
217) 37th Fibonacci calculation, completed in 812ms, end_time : 16:16:35.900727ok

218) Fibonacci calculation, start_time : 16:16:35.900834ok
255) GCBench, completed in 667ms, end_time : 16:16:36.137652ok

256) GCBench, start_time : 16:16:36.138070ok
218) 37th Fibonacci calculation, completed in 804ms, end_time : 16:16:36.705998ok

219) Fibonacci calculation, start_time : 16:16:36.706121ok
256) GCBench, completed in 679ms, end_time : 16:16:36.834659ok

257) GCBench, start_time : 16:16:36.834914ok
219) 37th Fibonacci calculation, completed in 823ms, end_time : 16:16:37.530042ok

220) Fibonacci calculation, start_time : 16:16:37.530545ok
257) GCBench, completed in 683ms, end_time : 16:16:37.536600ok

258) GCBench, start_time : 16:16:37.537010ok
258) GCBench, completed in 683ms, end_time : 16:16:38.237572ok

259) GCBench, start_time : 16:16:38.237810ok
220) 37th Fibonacci calculation, completed in 815ms, end_time : 16:16:38.346543ok

221) Fibonacci calculation, start_time : 16:16:38.346670ok
259) GCBench, completed in 652ms, end_time : 16:16:38.907359ok

260) GCBench, start_time : 16:16:38.907544ok
221) 37th Fibonacci calculation, completed in 818ms, end_time : 16:16:39.165560ok

222) Fibonacci calculation, start_time : 16:16:39.165880ok
260) GCBench, completed in 683ms, end_time : 16:16:39.607697ok

261) GCBench, start_time : 16:16:39.608149ok
222) 37th Fibonacci calculation, completed in 810ms, end_time : 16:16:39.976612ok

223) Fibonacci calculation, start_time : 16:16:39.976757ok
261) GCBench, completed in 675ms, end_time : 16:16:40.300774ok

262) GCBench, start_time : 16:16:40.300938ok
223) 37th Fibonacci calculation, completed in 812ms, end_time : 16:16:40.789599ok

224) Fibonacci calculation, start_time : 16:16:40.789911ok
262) GCBench, completed in 683ms, end_time : 16:16:41.002601ok

263) GCBench, start_time : 16:16:41.002773ok
224) 37th Fibonacci calculation, completed in 817ms, end_time : 16:16:41.607443ok

225) Fibonacci calculation, start_time : 16:16:41.607617ok
263) GCBench, completed in 663ms, end_time : 16:16:41.683678ok

264) GCBench, start_time : 16:16:41.683844ok
264) GCBench, completed in 687ms, end_time : 16:16:42.388636ok

265) GCBench, start_time : 16:16:42.388989ok
225) 37th Fibonacci calculation, completed in 819ms, end_time : 16:16:42.427797ok

226) Fibonacci calculation, start_time : 16:16:42.427930ok
265) GCBench, completed in 687ms, end_time : 16:16:43.093732ok

266) GCBench, start_time : 16:16:43.094117ok
226) 37th Fibonacci calculation, completed in 813ms, end_time : 16:16:43.241805ok

227) Fibonacci calculation, start_time : 16:16:43.242563ok
266) GCBench, completed in 679ms, end_time : 16:16:43.790580ok

267) GCBench, start_time : 16:16:43.791084ok
227) 37th Fibonacci calculation, completed in 826ms, end_time : 16:16:44.069241ok

228) Fibonacci calculation, start_time : 16:16:44.069594ok
267) GCBench, completed in 672ms, end_time : 16:16:44.479618ok

268) GCBench, start_time : 16:16:44.480103ok
228) 37th Fibonacci calculation, completed in 817ms, end_time : 16:16:44.887427ok

229) Fibonacci calculation, start_time : 16:16:44.887555ok
268) GCBench, completed in 693ms, end_time : 16:16:45.190642ok

269) GCBench, start_time : 16:16:45.191014ok
229) 37th Fibonacci calculation, completed in 807ms, end_time : 16:16:45.695421ok

230) Fibonacci calculation, start_time : 16:16:45.695778ok
269) GCBench, completed in 662ms, end_time : 16:16:45.871597ok

270) GCBench, start_time : 16:16:45.871797ok
230) 37th Fibonacci calculation, completed in 820ms, end_time : 16:16:46.516756ok

231) Fibonacci calculation, start_time : 16:16:46.516893ok
270) GCBench, completed in 684ms, end_time : 16:16:46.572564ok

271) GCBench, start_time : 16:16:46.573056ok
271) GCBench, completed in 674ms, end_time : 16:16:47.264788ok

272) GCBench, start_time : 16:16:47.265175ok
231) 37th Fibonacci calculation, completed in 816ms, end_time : 16:16:47.333944ok

232) Fibonacci calculation, start_time : 16:16:47.334094ok
272) GCBench, completed in 738ms, end_time : 16:16:48.023657ok

273) GCBench, start_time : 16:16:48.023801ok
232) 37th Fibonacci calculation, completed in 865ms, end_time : 16:16:48.199851ok

233) Fibonacci calculation, start_time : 16:16:48.199975ok
273) GCBench, completed in 674ms, end_time : 16:16:48.715705ok

274) GCBench, start_time : 16:16:48.716057ok
233) 37th Fibonacci calculation, completed in 813ms, end_time : 16:16:49.013654ok

234) Fibonacci calculation, start_time : 16:16:49.013774ok
274) GCBench, completed in 671ms, end_time : 16:16:49.404771ok

275) GCBench, start_time : 16:16:49.405243ok
234) 37th Fibonacci calculation, completed in 818ms, end_time : 16:16:49.832599ok

235) Fibonacci calculation, start_time : 16:16:49.832752ok
275) GCBench, completed in 669ms, end_time : 16:16:50.091953ok

276) GCBench, start_time : 16:16:50.092546ok
235) 37th Fibonacci calculation, completed in 816ms, end_time : 16:16:50.649229ok

236) Fibonacci calculation, start_time : 16:16:50.649365ok
276) GCBench, completed in 691ms, end_time : 16:16:50.800667ok

277) GCBench, start_time : 16:16:50.800939ok
236) 37th Fibonacci calculation, completed in 815ms, end_time : 16:16:51.465367ok

237) Fibonacci calculation, start_time : 16:16:51.465637ok
277) GCBench, completed in 657ms, end_time : 16:16:51.474782ok

278) GCBench, start_time : 16:16:51.475487ok
278) GCBench, completed in 699ms, end_time : 16:16:52.193714ok

279) GCBench, start_time : 16:16:52.194091ok
237) 37th Fibonacci calculation, completed in 837ms, end_time : 16:16:52.303132ok

238) Fibonacci calculation, start_time : 16:16:52.303889ok
279) GCBench, completed in 659ms, end_time : 16:16:52.870659ok

280) GCBench, start_time : 16:16:52.870809ok
238) 37th Fibonacci calculation, completed in 810ms, end_time : 16:16:53.114740ok

239) Fibonacci calculation, start_time : 16:16:53.114945ok
280) GCBench, completed in 721ms, end_time : 16:16:53.609782ok

281) GCBench, start_time : 16:16:53.610268ok
239) 37th Fibonacci calculation, completed in 840ms, end_time : 16:16:53.956187ok

240) Fibonacci calculation, start_time : 16:16:53.956297ok
281) GCBench, completed in 673ms, end_time : 16:16:54.300665ok

282) GCBench, start_time : 16:16:54.301144ok
240) 37th Fibonacci calculation, completed in 820ms, end_time : 16:16:54.776715ok

241) Fibonacci calculation, start_time : 16:16:54.776920ok
282) GCBench, completed in 674ms, end_time : 16:16:54.992584ok

283) GCBench, start_time : 16:16:54.993092ok
241) 37th Fibonacci calculation, completed in 811ms, end_time : 16:16:55.589288ok

242) Fibonacci calculation, start_time : 16:16:55.589717ok
283) GCBench, completed in 658ms, end_time : 16:16:55.668679ok

284) GCBench, start_time : 16:16:55.669194ok
284) GCBench, completed in 681ms, end_time : 16:16:56.367647ok

285) GCBench, start_time : 16:16:56.367804ok
242) 37th Fibonacci calculation, completed in 813ms, end_time : 16:16:56.403111ok

243) Fibonacci calculation, start_time : 16:16:56.403229ok
285) GCBench, completed in 667ms, end_time : 16:16:57.052601ok

286) GCBench, start_time : 16:16:57.052757ok
243) 37th Fibonacci calculation, completed in 814ms, end_time : 16:16:57.217998ok

244) Fibonacci calculation, start_time : 16:16:57.218129ok
286) GCBench, completed in 691ms, end_time : 16:16:57.761592ok

287) GCBench, start_time : 16:16:57.761747ok
244) 37th Fibonacci calculation, completed in 808ms, end_time : 16:16:58.026510ok

245) Fibonacci calculation, start_time : 16:16:58.026788ok
287) GCBench, completed in 658ms, end_time : 16:16:58.436881ok

288) GCBench, start_time : 16:16:58.437290ok
245) 37th Fibonacci calculation, completed in 814ms, end_time : 16:16:58.841135ok

246) Fibonacci calculation, start_time : 16:16:58.841523ok
288) GCBench, completed in 676ms, end_time : 16:16:59.130615ok

289) GCBench, start_time : 16:16:59.131010ok
246) 37th Fibonacci calculation, completed in 804ms, end_time : 16:16:59.646372ok

247) Fibonacci calculation, start_time : 16:16:59.646725ok
289) GCBench, completed in 678ms, end_time : 16:16:59.825627ok

290) GCBench, start_time : 16:16:59.826009ok
247) 37th Fibonacci calculation, completed in 811ms, end_time : 16:17:00.458875ok

248) Fibonacci calculation, start_time : 16:17:00.459063ok
290) GCBench, completed in 691ms, end_time : 16:17:00.534741ok

291) GCBench, start_time : 16:17:00.535183ok
291) GCBench, completed in 658ms, end_time : 16:17:01.211579ok

292) GCBench, start_time : 16:17:01.212063ok
248) 37th Fibonacci calculation, completed in 815ms, end_time : 16:17:01.274981ok

249) Fibonacci calculation, start_time : 16:17:01.275094ok
292) GCBench, completed in 682ms, end_time : 16:17:01.911680ok

293) GCBench, start_time : 16:17:01.911843ok
249) 37th Fibonacci calculation, completed in 811ms, end_time : 16:17:02.086714ok

250) Fibonacci calculation, start_time : 16:17:02.086825ok
293) GCBench, completed in 689ms, end_time : 16:17:02.617627ok

294) GCBench, start_time : 16:17:02.618122ok
250) 37th Fibonacci calculation, completed in 813ms, end_time : 16:17:02.900821ok

251) Fibonacci calculation, start_time : 16:17:02.901184ok
294) GCBench, completed in 688ms, end_time : 16:17:03.323599ok

295) GCBench, start_time : 16:17:03.323777ok
251) 37th Fibonacci calculation, completed in 813ms, end_time : 16:17:03.714662ok

252) Fibonacci calculation, start_time : 16:17:03.715060ok
295) GCBench, completed in 665ms, end_time : 16:17:04.005851ok

296) GCBench, start_time : 16:17:04.006219ok
252) 37th Fibonacci calculation, completed in 811ms, end_time : 16:17:04.527267ok

253) Fibonacci calculation, start_time : 16:17:04.527440ok
296) GCBench, completed in 682ms, end_time : 16:17:04.705766ok

297) GCBench, start_time : 16:17:04.706174ok
253) 37th Fibonacci calculation, completed in 807ms, end_time : 16:17:05.335661ok

254) Fibonacci calculation, start_time : 16:17:05.335770ok
297) GCBench, completed in 678ms, end_time : 16:17:05.401586ok

298) GCBench, start_time : 16:17:05.401771ok
298) GCBench, completed in 685ms, end_time : 16:17:06.103593ok

299) GCBench, start_time : 16:17:06.103971ok
254) 37th Fibonacci calculation, completed in 820ms, end_time : 16:17:06.156725ok

255) Fibonacci calculation, start_time : 16:17:06.156841ok
299) GCBench, completed in 663ms, end_time : 16:17:06.785685ok

300) GCBench, start_time : 16:17:06.785825ok
255) 37th Fibonacci calculation, completed in 804ms, end_time : 16:17:06.961036ok

256) Fibonacci calculation, start_time : 16:17:06.961201ok
300) GCBench, completed in 701ms, end_time : 16:17:07.503673ok

301) GCBench, start_time : 16:17:07.504063ok
256) 37th Fibonacci calculation, completed in 818ms, end_time : 16:17:07.780305ok

257) Fibonacci calculation, start_time : 16:17:07.780417ok
301) GCBench, completed in 665ms, end_time : 16:17:08.186740ok

302) GCBench, start_time : 16:17:08.187107ok
257) 37th Fibonacci calculation, completed in 808ms, end_time : 16:17:08.589352ok

258) Fibonacci calculation, start_time : 16:17:08.589500ok
302) GCBench, completed in 692ms, end_time : 16:17:08.895658ok

303) GCBench, start_time : 16:17:08.896086ok
258) 37th Fibonacci calculation, completed in 813ms, end_time : 16:17:09.403089ok

259) Fibonacci calculation, start_time : 16:17:09.403266ok
303) GCBench, completed in 660ms, end_time : 16:17:09.573639ok

304) GCBench, start_time : 16:17:09.573771ok
259) 37th Fibonacci calculation, completed in 811ms, end_time : 16:17:10.215018ok

260) Fibonacci calculation, start_time : 16:17:10.215127ok
304) GCBench, completed in 682ms, end_time : 16:17:10.272554ok

305) GCBench, start_time : 16:17:10.272708ok
305) GCBench, completed in 662ms, end_time : 16:17:10.952641ok

306) GCBench, start_time : 16:17:10.953143ok
260) 37th Fibonacci calculation, completed in 815ms, end_time : 16:17:11.031374ok

261) Fibonacci calculation, start_time : 16:17:11.031495ok
306) GCBench, completed in 682ms, end_time : 16:17:11.651659ok

307) GCBench, start_time : 16:17:11.651947ok
261) 37th Fibonacci calculation, completed in 809ms, end_time : 16:17:11.841433ok

262) Fibonacci calculation, start_time : 16:17:11.841648ok
307) GCBench, completed in 672ms, end_time : 16:17:12.341688ok

308) GCBench, start_time : 16:17:12.341813ok
262) 37th Fibonacci calculation, completed in 823ms, end_time : 16:17:12.665426ok

263) Fibonacci calculation, start_time : 16:17:12.665877ok
308) GCBench, completed in 703ms, end_time : 16:17:13.061629ok

309) GCBench, start_time : 16:17:13.061781ok
263) 37th Fibonacci calculation, completed in 814ms, end_time : 16:17:13.480440ok

264) Fibonacci calculation, start_time : 16:17:13.480793ok
309) GCBench, completed in 677ms, end_time : 16:17:13.755738ok

310) GCBench, start_time : 16:17:13.756129ok
264) 37th Fibonacci calculation, completed in 891ms, end_time : 16:17:14.373020ok

265) Fibonacci calculation, start_time : 16:17:14.373380ok
310) GCBench, completed in 789ms, end_time : 16:17:14.561623ok

311) GCBench, start_time : 16:17:14.561782ok
265) 37th Fibonacci calculation, completed in 837ms, end_time : 16:17:15.212318ok

266) Fibonacci calculation, start_time : 16:17:15.212590ok
311) GCBench, completed in 683ms, end_time : 16:17:15.263649ok

312) GCBench, start_time : 16:17:15.263820ok
312) GCBench, completed in 687ms, end_time : 16:17:15.968765ok

313) GCBench, start_time : 16:17:15.969131ok
266) 37th Fibonacci calculation, completed in 812ms, end_time : 16:17:16.025032ok

267) Fibonacci calculation, start_time : 16:17:16.025187ok
313) GCBench, completed in 694ms, end_time : 16:17:16.681614ok

314) GCBench, start_time : 16:17:16.682085ok
267) 37th Fibonacci calculation, completed in 819ms, end_time : 16:17:16.844475ok

268) Fibonacci calculation, start_time : 16:17:16.844605ok
314) GCBench, completed in 688ms, end_time : 16:17:17.387725ok

315) GCBench, start_time : 16:17:17.388200ok
268) 37th Fibonacci calculation, completed in 824ms, end_time : 16:17:17.668973ok

269) Fibonacci calculation, start_time : 16:17:17.669435ok
315) GCBench, completed in 663ms, end_time : 16:17:18.068659ok

316) GCBench, start_time : 16:17:18.068790ok
269) 37th Fibonacci calculation, completed in 816ms, end_time : 16:17:18.486652ok

270) Fibonacci calculation, start_time : 16:17:18.487132ok
316) GCBench, completed in 684ms, end_time : 16:17:18.769613ok

317) GCBench, start_time : 16:17:18.770078ok
270) 37th Fibonacci calculation, completed in 806ms, end_time : 16:17:19.294256ok

271) Fibonacci calculation, start_time : 16:17:19.294546ok
317) GCBench, completed in 681ms, end_time : 16:17:19.467644ok

318) GCBench, start_time : 16:17:19.468066ok
271) 37th Fibonacci calculation, completed in 806ms, end_time : 16:17:20.101552ok

272) Fibonacci calculation, start_time : 16:17:20.101915ok
318) GCBench, completed in 691ms, end_time : 16:17:20.175714ok

319) GCBench, start_time : 16:17:20.175965ok
319) GCBench, completed in 671ms, end_time : 16:17:20.863741ok

320) GCBench, start_time : 16:17:20.864089ok
272) 37th Fibonacci calculation, completed in 821ms, end_time : 16:17:20.923964ok

273) Fibonacci calculation, start_time : 16:17:20.924071ok
320) GCBench, completed in 694ms, end_time : 16:17:21.574630ok

321) GCBench, start_time : 16:17:21.574801ok
273) 37th Fibonacci calculation, completed in 809ms, end_time : 16:17:21.734045ok

274) Fibonacci calculation, start_time : 16:17:21.734325ok
321) GCBench, completed in 693ms, end_time : 16:17:22.285632ok

322) GCBench, start_time : 16:17:22.286089ok
274) 37th Fibonacci calculation, completed in 819ms, end_time : 16:17:22.554728ok

275) Fibonacci calculation, start_time : 16:17:22.554957ok
322) GCBench, completed in 684ms, end_time : 16:17:22.988597ok

323) GCBench, start_time : 16:17:22.988793ok
275) 37th Fibonacci calculation, completed in 847ms, end_time : 16:17:23.403071ok

276) Fibonacci calculation, start_time : 16:17:23.403532ok
323) GCBench, completed in 702ms, end_time : 16:17:23.708720ok

324) GCBench, start_time : 16:17:23.708871ok
276) 37th Fibonacci calculation, completed in 832ms, end_time : 16:17:24.236579ok

277) Fibonacci calculation, start_time : 16:17:24.236733ok
324) GCBench, completed in 675ms, end_time : 16:17:24.401774ok

325) GCBench, start_time : 16:17:24.402192ok
277) 37th Fibonacci calculation, completed in 809ms, end_time : 16:17:25.046483ok

278) Fibonacci calculation, start_time : 16:17:25.046627ok
325) GCBench, completed in 671ms, end_time : 16:17:25.089566ok

326) GCBench, start_time : 16:17:25.089846ok
326) GCBench, completed in 673ms, end_time : 16:17:25.780623ok

327) GCBench, start_time : 16:17:25.781146ok
278) 37th Fibonacci calculation, completed in 813ms, end_time : 16:17:25.860787ok

279) Fibonacci calculation, start_time : 16:17:25.861542ok
327) GCBench, completed in 659ms, end_time : 16:17:26.458719ok

328) GCBench, start_time : 16:17:26.459102ok
279) 37th Fibonacci calculation, completed in 803ms, end_time : 16:17:26.665174ok

280) Fibonacci calculation, start_time : 16:17:26.665595ok
328) GCBench, completed in 686ms, end_time : 16:17:27.162852ok

329) GCBench, start_time : 16:17:27.163396ok
280) 37th Fibonacci calculation, completed in 823ms, end_time : 16:17:27.488914ok

281) Fibonacci calculation, start_time : 16:17:27.489019ok
329) GCBench, completed in 675ms, end_time : 16:17:27.859491ok

330) GCBench, start_time : 16:17:27.859729ok
281) 37th Fibonacci calculation, completed in 818ms, end_time : 16:17:28.308321ok

282) Fibonacci calculation, start_time : 16:17:28.308442ok
330) GCBench, completed in 679ms, end_time : 16:17:28.555655ok

331) GCBench, start_time : 16:17:28.556190ok
282) 37th Fibonacci calculation, completed in 823ms, end_time : 16:17:29.131663ok

283) Fibonacci calculation, start_time : 16:17:29.132087ok
331) GCBench, completed in 660ms, end_time : 16:17:29.232609ok

332) GCBench, start_time : 16:17:29.232855ok
332) GCBench, completed in 682ms, end_time : 16:17:29.932625ok

333) GCBench, start_time : 16:17:29.932789ok
283) 37th Fibonacci calculation, completed in 821ms, end_time : 16:17:29.954072ok

284) Fibonacci calculation, start_time : 16:17:29.954266ok
333) GCBench, completed in 662ms, end_time : 16:17:30.613645ok

334) GCBench, start_time : 16:17:30.613764ok
284) 37th Fibonacci calculation, completed in 812ms, end_time : 16:17:30.766751ok

285) Fibonacci calculation, start_time : 16:17:30.767609ok
334) GCBench, completed in 672ms, end_time : 16:17:31.302545ok

335) GCBench, start_time : 16:17:31.302717ok
285) 37th Fibonacci calculation, completed in 806ms, end_time : 16:17:31.574683ok

286) Fibonacci calculation, start_time : 16:17:31.574978ok
335) GCBench, completed in 663ms, end_time : 16:17:31.984678ok

336) GCBench, start_time : 16:17:31.984964ok
286) 37th Fibonacci calculation, completed in 817ms, end_time : 16:17:32.392524ok

287) Fibonacci calculation, start_time : 16:17:32.392668ok
336) GCBench, completed in 691ms, end_time : 16:17:32.693815ok

337) GCBench, start_time : 16:17:32.694203ok
287) 37th Fibonacci calculation, completed in 807ms, end_time : 16:17:33.199986ok

288) Fibonacci calculation, start_time : 16:17:33.200382ok
337) GCBench, completed in 680ms, end_time : 16:17:33.391616ok

338) GCBench, start_time : 16:17:33.391902ok
288) 37th Fibonacci calculation, completed in 804ms, end_time : 16:17:34.005354ok

289) Fibonacci calculation, start_time : 16:17:34.005456ok
338) GCBench, completed in 677ms, end_time : 16:17:34.087601ok

339) GCBench, start_time : 16:17:34.088067ok
339) GCBench, completed in 662ms, end_time : 16:17:34.766637ok

340) GCBench, start_time : 16:17:34.767188ok
289) 37th Fibonacci calculation, completed in 810ms, end_time : 16:17:34.816216ok

290) Fibonacci calculation, start_time : 16:17:34.816467ok
340) GCBench, completed in 685ms, end_time : 16:17:35.468714ok

341) GCBench, start_time : 16:17:35.469092ok
290) 37th Fibonacci calculation, completed in 806ms, end_time : 16:17:35.623455ok

291) Fibonacci calculation, start_time : 16:17:35.623582ok
341) GCBench, completed in 678ms, end_time : 16:17:36.163691ok

342) GCBench, start_time : 16:17:36.164113ok
291) 37th Fibonacci calculation, completed in 807ms, end_time : 16:17:36.431699ok

292) Fibonacci calculation, start_time : 16:17:36.431889ok
342) GCBench, completed in 688ms, end_time : 16:17:36.869855ok

343) GCBench, start_time : 16:17:36.870267ok
292) 37th Fibonacci calculation, completed in 816ms, end_time : 16:17:37.248377ok

293) Fibonacci calculation, start_time : 16:17:37.248526ok
343) GCBench, completed in 671ms, end_time : 16:17:37.559792ok

344) GCBench, start_time : 16:17:37.560052ok
293) 37th Fibonacci calculation, completed in 818ms, end_time : 16:17:38.067718ok

294) Fibonacci calculation, start_time : 16:17:38.067835ok
344) GCBench, completed in 685ms, end_time : 16:17:38.262751ok

345) GCBench, start_time : 16:17:38.263171ok
294) 37th Fibonacci calculation, completed in 812ms, end_time : 16:17:38.880966ok

295) Fibonacci calculation, start_time : 16:17:38.881094ok
345) GCBench, completed in 677ms, end_time : 16:17:38.957752ok

346) GCBench, start_time : 16:17:38.958144ok
346) GCBench, completed in 673ms, end_time : 16:17:39.649735ok

347) GCBench, start_time : 16:17:39.649905ok
295) 37th Fibonacci calculation, completed in 843ms, end_time : 16:17:39.725135ok

296) Fibonacci calculation, start_time : 16:17:39.725266ok
347) GCBench, completed in 661ms, end_time : 16:17:40.329658ok

348) GCBench, start_time : 16:17:40.329935ok
296) 37th Fibonacci calculation, completed in 833ms, end_time : 16:17:40.559064ok

297) Fibonacci calculation, start_time : 16:17:40.559388ok
348) GCBench, completed in 679ms, end_time : 16:17:41.025545ok

349) GCBench, start_time : 16:17:41.025720ok
297) 37th Fibonacci calculation, completed in 845ms, end_time : 16:17:41.404920ok

298) Fibonacci calculation, start_time : 16:17:41.405037ok
349) GCBench, completed in 677ms, end_time : 16:17:41.720670ok

350) GCBench, start_time : 16:17:41.720801ok
298) 37th Fibonacci calculation, completed in 860ms, end_time : 16:17:42.265296ok

299) Fibonacci calculation, start_time : 16:17:42.265411ok
350) GCBench, completed in 697ms, end_time : 16:17:42.435657ok

351) GCBench, start_time : 16:17:42.435800ok
299) 37th Fibonacci calculation, completed in 815ms, end_time : 16:17:43.081036ok

300) Fibonacci calculation, start_time : 16:17:43.081192ok
351) GCBench, completed in 671ms, end_time : 16:17:43.124837ok

352) GCBench, start_time : 16:17:43.125643ok
352) GCBench, completed in 675ms, end_time : 16:17:43.818625ok

353) GCBench, start_time : 16:17:43.819101ok
300) 37th Fibonacci calculation, completed in 814ms, end_time : 16:17:43.896221ok

301) Fibonacci calculation, start_time : 16:17:43.896342ok
353) GCBench, completed in 665ms, end_time : 16:17:44.502620ok

354) GCBench, start_time : 16:17:44.502976ok
301) 37th Fibonacci calculation, completed in 801ms, end_time : 16:17:44.697606ok

302) Fibonacci calculation, start_time : 16:17:44.697918ok
354) GCBench, completed in 679ms, end_time : 16:17:45.199717ok

355) GCBench, start_time : 16:17:45.200151ok
302) 37th Fibonacci calculation, completed in 821ms, end_time : 16:17:45.519573ok

303) Fibonacci calculation, start_time : 16:17:45.519690ok
355) GCBench, completed in 665ms, end_time : 16:17:45.883065ok

356) GCBench, start_time : 16:17:45.883415ok
303) 37th Fibonacci calculation, completed in 812ms, end_time : 16:17:46.332359ok

304) Fibonacci calculation, start_time : 16:17:46.332487ok
356) GCBench, completed in 687ms, end_time : 16:17:46.588790ok

357) GCBench, start_time : 16:17:46.589115ok
304) 37th Fibonacci calculation, completed in 810ms, end_time : 16:17:47.143413ok

305) Fibonacci calculation, start_time : 16:17:47.143574ok
357) GCBench, completed in 684ms, end_time : 16:17:47.290662ok

358) GCBench, start_time : 16:17:47.290811ok
305) 37th Fibonacci calculation, completed in 817ms, end_time : 16:17:47.961085ok

306) Fibonacci calculation, start_time : 16:17:47.961212ok
358) GCBench, completed in 690ms, end_time : 16:17:47.999285ok

359) GCBench, start_time : 16:17:47.999407ok
359) GCBench, completed in 662ms, end_time : 16:17:48.677631ok

360) GCBench, start_time : 16:17:48.677762ok
306) 37th Fibonacci calculation, completed in 806ms, end_time : 16:17:48.767863ok

307) Fibonacci calculation, start_time : 16:17:48.767985ok
360) GCBench, completed in 688ms, end_time : 16:17:49.382671ok

361) GCBench, start_time : 16:17:49.382863ok
307) 37th Fibonacci calculation, completed in 801ms, end_time : 16:17:49.569607ok

308) Fibonacci calculation, start_time : 16:17:49.569774ok
361) GCBench, completed in 674ms, end_time : 16:17:50.072601ok

362) GCBench, start_time : 16:17:50.072757ok
308) 37th Fibonacci calculation, completed in 808ms, end_time : 16:17:50.378611ok

309) Fibonacci calculation, start_time : 16:17:50.378974ok
362) GCBench, completed in 676ms, end_time : 16:17:50.766651ok

363) GCBench, start_time : 16:17:50.767162ok
309) 37th Fibonacci calculation, completed in 816ms, end_time : 16:17:51.195380ok

310) Fibonacci calculation, start_time : 16:17:51.195495ok
363) GCBench, completed in 659ms, end_time : 16:17:51.444719ok

364) GCBench, start_time : 16:17:51.445127ok
310) 37th Fibonacci calculation, completed in 811ms, end_time : 16:17:52.007547ok

311) Fibonacci calculation, start_time : 16:17:52.007961ok
364) GCBench, completed in 678ms, end_time : 16:17:52.139754ok

365) GCBench, start_time : 16:17:52.140091ok
311) 37th Fibonacci calculation, completed in 822ms, end_time : 16:17:52.831110ok

312) Fibonacci calculation, start_time : 16:17:52.831889ok
365) GCBench, completed in 676ms, end_time : 16:17:52.834623ok

366) GCBench, start_time : 16:17:52.834772ok
366) GCBench, completed in 726ms, end_time : 16:17:53.579667ok

367) GCBench, start_time : 16:17:53.579906ok
312) 37th Fibonacci calculation, completed in 855ms, end_time : 16:17:53.687440ok

313) Fibonacci calculation, start_time : 16:17:53.688371ok
367) GCBench, completed in 659ms, end_time : 16:17:54.255630ok

368) GCBench, start_time : 16:17:54.256059ok
313) 37th Fibonacci calculation, completed in 815ms, end_time : 16:17:54.504283ok

314) Fibonacci calculation, start_time : 16:17:54.504390ok
368) GCBench, completed in 672ms, end_time : 16:17:54.946753ok

369) GCBench, start_time : 16:17:54.947121ok
314) 37th Fibonacci calculation, completed in 818ms, end_time : 16:17:55.323244ok

315) Fibonacci calculation, start_time : 16:17:55.323640ok
369) GCBench, completed in 678ms, end_time : 16:17:55.642656ok

370) GCBench, start_time : 16:17:55.642815ok
315) 37th Fibonacci calculation, completed in 813ms, end_time : 16:17:56.137358ok

316) Fibonacci calculation, start_time : 16:17:56.137504ok
370) GCBench, completed in 686ms, end_time : 16:17:56.346656ok

371) GCBench, start_time : 16:17:56.346999ok
316) 37th Fibonacci calculation, completed in 819ms, end_time : 16:17:56.957572ok

317) Fibonacci calculation, start_time : 16:17:56.957970ok
371) GCBench, completed in 654ms, end_time : 16:17:57.020605ok

372) GCBench, start_time : 16:17:57.020842ok
372) GCBench, completed in 684ms, end_time : 16:17:57.723634ok

373) GCBench, start_time : 16:17:57.723793ok
317) 37th Fibonacci calculation, completed in 823ms, end_time : 16:17:57.781707ok

318) Fibonacci calculation, start_time : 16:17:57.781835ok
373) GCBench, completed in 672ms, end_time : 16:17:58.413826ok

374) GCBench, start_time : 16:17:58.414041ok
318) 37th Fibonacci calculation, completed in 804ms, end_time : 16:17:58.586335ok

319) Fibonacci calculation, start_time : 16:17:58.586996ok
374) GCBench, completed in 686ms, end_time : 16:17:59.117693ok

375) GCBench, start_time : 16:17:59.118094ok
319) 37th Fibonacci calculation, completed in 814ms, end_time : 16:17:59.401191ok

320) Fibonacci calculation, start_time : 16:17:59.401400ok
375) GCBench, completed in 663ms, end_time : 16:17:59.799009ok

376) GCBench, start_time : 16:17:59.799230ok
320) 37th Fibonacci calculation, completed in 819ms, end_time : 16:18:00.221721ok

321) Fibonacci calculation, start_time : 16:18:00.221848ok
376) GCBench, completed in 677ms, end_time : 16:18:00.493650ok

377) GCBench, start_time : 16:18:00.493802ok
321) 37th Fibonacci calculation, completed in 810ms, end_time : 16:18:01.032994ok

322) Fibonacci calculation, start_time : 16:18:01.033498ok
377) GCBench, completed in 674ms, end_time : 16:18:01.185648ok

378) GCBench, start_time : 16:18:01.186091ok
322) 37th Fibonacci calculation, completed in 807ms, end_time : 16:18:01.842089ok

323) Fibonacci calculation, start_time : 16:18:01.842218ok
378) GCBench, completed in 671ms, end_time : 16:18:01.874643ok

379) GCBench, start_time : 16:18:01.874876ok
379) GCBench, completed in 668ms, end_time : 16:18:02.560632ok

380) GCBench, start_time : 16:18:02.561121ok
323) 37th Fibonacci calculation, completed in 818ms, end_time : 16:18:02.661150ok

324) Fibonacci calculation, start_time : 16:18:02.661899ok
380) GCBench, completed in 681ms, end_time : 16:18:03.259740ok

381) GCBench, start_time : 16:18:03.260241ok
324) 37th Fibonacci calculation, completed in 808ms, end_time : 16:18:03.470454ok

325) Fibonacci calculation, start_time : 16:18:03.470572ok
381) GCBench, completed in 681ms, end_time : 16:18:03.957603ok

382) GCBench, start_time : 16:18:03.957898ok
325) 37th Fibonacci calculation, completed in 808ms, end_time : 16:18:04.279086ok

326) Fibonacci calculation, start_time : 16:18:04.279519ok
382) GCBench, completed in 686ms, end_time : 16:18:04.662611ok

383) GCBench, start_time : 16:18:04.662802ok
326) 37th Fibonacci calculation, completed in 817ms, end_time : 16:18:05.097811ok

327) Fibonacci calculation, start_time : 16:18:05.098226ok
383) GCBench, completed in 662ms, end_time : 16:18:05.344811ok

384) GCBench, start_time : 16:18:05.344996ok
327) 37th Fibonacci calculation, completed in 820ms, end_time : 16:18:05.919152ok

328) Fibonacci calculation, start_time : 16:18:05.919486ok
384) GCBench, completed in 683ms, end_time : 16:18:06.045642ok

385) GCBench, start_time : 16:18:06.045814ok
328) 37th Fibonacci calculation, completed in 807ms, end_time : 16:18:06.726946ok

329) Fibonacci calculation, start_time : 16:18:06.727084ok
385) GCBench, completed in 675ms, end_time : 16:18:06.738635ok

386) GCBench, start_time : 16:18:06.738858ok
386) GCBench, completed in 701ms, end_time : 16:18:07.457710ok

387) GCBench, start_time : 16:18:07.457861ok
329) 37th Fibonacci calculation, completed in 826ms, end_time : 16:18:07.553777ok

330) Fibonacci calculation, start_time : 16:18:07.554000ok
387) GCBench, completed in 664ms, end_time : 16:18:08.139932ok

388) GCBench, start_time : 16:18:08.140658ok
330) 37th Fibonacci calculation, completed in 800ms, end_time : 16:18:08.355043ok

331) Fibonacci calculation, start_time : 16:18:08.355412ok
388) GCBench, completed in 689ms, end_time : 16:18:08.847645ok

389) GCBench, start_time : 16:18:08.848021ok
331) 37th Fibonacci calculation, completed in 815ms, end_time : 16:18:09.170932ok

332) Fibonacci calculation, start_time : 16:18:09.171301ok
389) GCBench, completed in 670ms, end_time : 16:18:09.537653ok

390) GCBench, start_time : 16:18:09.537786ok
332) 37th Fibonacci calculation, completed in 812ms, end_time : 16:18:09.984163ok

333) Fibonacci calculation, start_time : 16:18:09.984382ok
390) GCBench, completed in 678ms, end_time : 16:18:10.235653ok

391) GCBench, start_time : 16:18:10.235781ok
333) 37th Fibonacci calculation, completed in 847ms, end_time : 16:18:10.832263ok

334) Fibonacci calculation, start_time : 16:18:10.832718ok
391) GCBench, completed in 660ms, end_time : 16:18:10.912656ok

392) GCBench, start_time : 16:18:10.913120ok
392) GCBench, completed in 687ms, end_time : 16:18:11.617673ok

393) GCBench, start_time : 16:18:11.618162ok
334) 37th Fibonacci calculation, completed in 837ms, end_time : 16:18:11.670668ok

335) Fibonacci calculation, start_time : 16:18:11.670782ok
393) GCBench, completed in 693ms, end_time : 16:18:12.328689ok

394) GCBench, start_time : 16:18:12.329179ok
335) 37th Fibonacci calculation, completed in 836ms, end_time : 16:18:12.507278ok

336) Fibonacci calculation, start_time : 16:18:12.510365ok
394) GCBench, completed in 680ms, end_time : 16:18:13.027284ok

395) GCBench, start_time : 16:18:13.027421ok
336) 37th Fibonacci calculation, completed in 861ms, end_time : 16:18:13.372203ok

337) Fibonacci calculation, start_time : 16:18:13.372603ok
395) GCBench, completed in 665ms, end_time : 16:18:13.710647ok

396) GCBench, start_time : 16:18:13.711136ok
337) 37th Fibonacci calculation, completed in 812ms, end_time : 16:18:14.185799ok

338) Fibonacci calculation, start_time : 16:18:14.186227ok
396) GCBench, completed in 679ms, end_time : 16:18:14.406626ok

397) GCBench, start_time : 16:18:14.406788ok
338) 37th Fibonacci calculation, completed in 812ms, end_time : 16:18:14.998809ok

339) Fibonacci calculation, start_time : 16:18:14.999395ok
397) GCBench, completed in 671ms, end_time : 16:18:15.095637ok

398) GCBench, start_time : 16:18:15.096111ok
398) GCBench, completed in 681ms, end_time : 16:18:15.794647ok

399) GCBench, start_time : 16:18:15.794821ok
339) 37th Fibonacci calculation, completed in 813ms, end_time : 16:18:15.812703ok

340) Fibonacci calculation, start_time : 16:18:15.812816ok
399) GCBench, completed in 658ms, end_time : 16:18:16.471673ok

400) GCBench, start_time : 16:18:16.472059ok
340) 37th Fibonacci calculation, completed in 837ms, end_time : 16:18:16.650458ok

341) Fibonacci calculation, start_time : 16:18:16.650586ok
400) GCBench, completed in 678ms, end_time : 16:18:17.167888ok

341) 37th Fibonacci calculation, completed in 821ms, end_time : 16:18:17.471936ok

342) Fibonacci calculation, start_time : 16:18:17.472069ok
342) 37th Fibonacci calculation, completed in 771ms, end_time : 16:18:18.243992ok

343) Fibonacci calculation, start_time : 16:18:18.244149ok
343) 37th Fibonacci calculation, completed in 791ms, end_time : 16:18:19.035371ok

344) Fibonacci calculation, start_time : 16:18:19.035534ok
344) 37th Fibonacci calculation, completed in 745ms, end_time : 16:18:19.781126ok

345) Fibonacci calculation, start_time : 16:18:19.781280ok
345) 37th Fibonacci calculation, completed in 753ms, end_time : 16:18:20.534731ok

346) Fibonacci calculation, start_time : 16:18:20.534886ok
346) 37th Fibonacci calculation, completed in 748ms, end_time : 16:18:21.283627ok

347) Fibonacci calculation, start_time : 16:18:21.283760ok
347) 37th Fibonacci calculation, completed in 749ms, end_time : 16:18:22.033220ok

348) Fibonacci calculation, start_time : 16:18:22.033358ok
348) 37th Fibonacci calculation, completed in 749ms, end_time : 16:18:22.782853ok

349) Fibonacci calculation, start_time : 16:18:22.782988ok
349) 37th Fibonacci calculation, completed in 750ms, end_time : 16:18:23.534149ok

350) Fibonacci calculation, start_time : 16:18:23.534288ok
350) 37th Fibonacci calculation, completed in 754ms, end_time : 16:18:24.289352ok

351) Fibonacci calculation, start_time : 16:18:24.289509ok
351) 37th Fibonacci calculation, completed in 748ms, end_time : 16:18:25.038583ok

352) Fibonacci calculation, start_time : 16:18:25.038745ok
352) 37th Fibonacci calculation, completed in 792ms, end_time : 16:18:25.831608ok

353) Fibonacci calculation, start_time : 16:18:25.831737ok
353) 37th Fibonacci calculation, completed in 754ms, end_time : 16:18:26.586180ok

354) Fibonacci calculation, start_time : 16:18:26.586330ok
354) 37th Fibonacci calculation, completed in 784ms, end_time : 16:18:27.370869ok

355) Fibonacci calculation, start_time : 16:18:27.371030ok
355) 37th Fibonacci calculation, completed in 758ms, end_time : 16:18:28.129924ok

356) Fibonacci calculation, start_time : 16:18:28.130076ok
356) 37th Fibonacci calculation, completed in 796ms, end_time : 16:18:28.926635ok

357) Fibonacci calculation, start_time : 16:18:28.926785ok
357) 37th Fibonacci calculation, completed in 752ms, end_time : 16:18:29.679641ok

358) Fibonacci calculation, start_time : 16:18:29.679785ok
358) 37th Fibonacci calculation, completed in 745ms, end_time : 16:18:30.425289ok

359) Fibonacci calculation, start_time : 16:18:30.425448ok
359) 37th Fibonacci calculation, completed in 763ms, end_time : 16:18:31.189417ok

360) Fibonacci calculation, start_time : 16:18:31.189570ok
360) 37th Fibonacci calculation, completed in 766ms, end_time : 16:18:31.956340ok

361) Fibonacci calculation, start_time : 16:18:31.956468ok
361) 37th Fibonacci calculation, completed in 748ms, end_time : 16:18:32.704893ok

362) Fibonacci calculation, start_time : 16:18:32.705042ok
362) 37th Fibonacci calculation, completed in 746ms, end_time : 16:18:33.451444ok

363) Fibonacci calculation, start_time : 16:18:33.451572ok
363) 37th Fibonacci calculation, completed in 745ms, end_time : 16:18:34.196808ok

364) Fibonacci calculation, start_time : 16:18:34.196953ok
364) 37th Fibonacci calculation, completed in 745ms, end_time : 16:18:34.942692ok

365) Fibonacci calculation, start_time : 16:18:34.942840ok
365) 37th Fibonacci calculation, completed in 748ms, end_time : 16:18:35.691283ok

366) Fibonacci calculation, start_time : 16:18:35.691430ok
366) 37th Fibonacci calculation, completed in 748ms, end_time : 16:18:36.439867ok

367) Fibonacci calculation, start_time : 16:18:36.440018ok
367) 37th Fibonacci calculation, completed in 761ms, end_time : 16:18:37.201661ok

368) Fibonacci calculation, start_time : 16:18:37.201807ok
368) 37th Fibonacci calculation, completed in 745ms, end_time : 16:18:37.947588ok

369) Fibonacci calculation, start_time : 16:18:37.947745ok
369) 37th Fibonacci calculation, completed in 744ms, end_time : 16:18:38.692673ok

370) Fibonacci calculation, start_time : 16:18:38.692817ok
370) 37th Fibonacci calculation, completed in 745ms, end_time : 16:18:39.438739ok

371) Fibonacci calculation, start_time : 16:18:39.438907ok
371) 37th Fibonacci calculation, completed in 771ms, end_time : 16:18:40.210550ok

372) Fibonacci calculation, start_time : 16:18:40.210700ok
372) 37th Fibonacci calculation, completed in 770ms, end_time : 16:18:40.981814ok

373) Fibonacci calculation, start_time : 16:18:40.981941ok
373) 37th Fibonacci calculation, completed in 770ms, end_time : 16:18:41.752900ok

374) Fibonacci calculation, start_time : 16:18:41.753049ok
374) 37th Fibonacci calculation, completed in 774ms, end_time : 16:18:42.527996ok

375) Fibonacci calculation, start_time : 16:18:42.528151ok
375) 37th Fibonacci calculation, completed in 756ms, end_time : 16:18:43.284865ok

376) Fibonacci calculation, start_time : 16:18:43.285016ok
376) 37th Fibonacci calculation, completed in 753ms, end_time : 16:18:44.039107ok

377) Fibonacci calculation, start_time : 16:18:44.039263ok
377) 37th Fibonacci calculation, completed in 747ms, end_time : 16:18:44.787041ok

378) Fibonacci calculation, start_time : 16:18:44.787191ok
378) 37th Fibonacci calculation, completed in 746ms, end_time : 16:18:45.533444ok

379) Fibonacci calculation, start_time : 16:18:45.533624ok
379) 37th Fibonacci calculation, completed in 748ms, end_time : 16:18:46.282273ok

380) Fibonacci calculation, start_time : 16:18:46.282403ok
380) 37th Fibonacci calculation, completed in 752ms, end_time : 16:18:47.034796ok

381) Fibonacci calculation, start_time : 16:18:47.034981ok
381) 37th Fibonacci calculation, completed in 755ms, end_time : 16:18:47.790424ok

382) Fibonacci calculation, start_time : 16:18:47.790618ok
382) 37th Fibonacci calculation, completed in 754ms, end_time : 16:18:48.545193ok

383) Fibonacci calculation, start_time : 16:18:48.545352ok
383) 37th Fibonacci calculation, completed in 756ms, end_time : 16:18:49.302133ok

384) Fibonacci calculation, start_time : 16:18:49.302282ok
384) 37th Fibonacci calculation, completed in 748ms, end_time : 16:18:50.050887ok

385) Fibonacci calculation, start_time : 16:18:50.051022ok
385) 37th Fibonacci calculation, completed in 745ms, end_time : 16:18:50.797042ok

386) Fibonacci calculation, start_time : 16:18:50.797196ok
386) 37th Fibonacci calculation, completed in 771ms, end_time : 16:18:51.568614ok

387) Fibonacci calculation, start_time : 16:18:51.568800ok
387) 37th Fibonacci calculation, completed in 779ms, end_time : 16:18:52.348275ok

388) Fibonacci calculation, start_time : 16:18:52.348401ok
388) 37th Fibonacci calculation, completed in 748ms, end_time : 16:18:53.097049ok

389) Fibonacci calculation, start_time : 16:18:53.097673ok
389) 37th Fibonacci calculation, completed in 751ms, end_time : 16:18:53.849135ok

390) Fibonacci calculation, start_time : 16:18:53.849282ok
390) 37th Fibonacci calculation, completed in 744ms, end_time : 16:18:54.594252ok

391) Fibonacci calculation, start_time : 16:18:54.594407ok
391) 37th Fibonacci calculation, completed in 757ms, end_time : 16:18:55.352300ok

392) Fibonacci calculation, start_time : 16:18:55.352434ok
392) 37th Fibonacci calculation, completed in 745ms, end_time : 16:18:56.097751ok

393) Fibonacci calculation, start_time : 16:18:56.097899ok
393) 37th Fibonacci calculation, completed in 749ms, end_time : 16:18:56.847896ok

394) Fibonacci calculation, start_time : 16:18:56.848055ok
394) 37th Fibonacci calculation, completed in 777ms, end_time : 16:18:57.626167ok

395) Fibonacci calculation, start_time : 16:18:57.626331ok
395) 37th Fibonacci calculation, completed in 760ms, end_time : 16:18:58.386710ok

396) Fibonacci calculation, start_time : 16:18:58.386832ok
396) 37th Fibonacci calculation, completed in 745ms, end_time : 16:18:59.132556ok

397) Fibonacci calculation, start_time : 16:18:59.132706ok
397) 37th Fibonacci calculation, completed in 745ms, end_time : 16:18:59.878558ok

398) Fibonacci calculation, start_time : 16:18:59.878708ok
398) 37th Fibonacci calculation, completed in 765ms, end_time : 16:19:00.644069ok

399) Fibonacci calculation, start_time : 16:19:00.644222ok
399) 37th Fibonacci calculation, completed in 760ms, end_time : 16:19:01.405064ok

400) Fibonacci calculation, start_time : 16:19:01.405230ok
400) 37th Fibonacci calculation, completed in 785ms, end_time : 16:19:02.190897ok

